name,group,usage
هیدروکسی منیزیم,آتی اسید و اسهال آور,به عنوان آنتی اسید و ملین مورد استفاده قرار میگیرد به ویژه بیماران بستری در بخشی بیمارستانی به علت کاهش تحرک و راه نرفتن دچار یبوست می شوند که این دارو مفید است .
کلونیدین,ضد فشار خون,در کنترل فشار خون به ویژه همراه بیماریی کلیوی و درمان محرومیت از مواد مخدر در کودکان بسیار فعال کم توجه در سردردی میگرنی
دوبوتامین,محرک قلب,درمان نارسایی حاد قلبی و در شوک قلبی یا عفونی یا جراحی قلب و افزایش مدت ضربان قلب
دگزامتازون,ضد التهاب مهار ایمنی,التهاب دهان داروی مخصوص تست تشخیص بیماریی غده فوق کلیه ورم مغزی استفراغ التهاب مفاصل درمان کمکی در مننژیت باکتریال ورم مجاری هوایی
فیناستراید,مهار کننده آندروژنی,درمان هیپرپلازی خوش خیم پروستات آلوپسی طاسی مردانه درمان هیرسوتیسم زنان
بوسپیرون کلراید,ضد اضطراب,اضطراب
ایتراکونازول,ضد قارچ,عفونت قارچی آسپرژیلوس بلاستومایکوزیس هیستوپلاسموزیس و عفونتی کاندیدا مننژیت کرپیتوکوکی کراتیت قارچی
کابرگولین,مهار ترشح پرولاکتین,بیماری افزایش ترشح پرولاکتین و بیماری پارکینسون
بوپرنورفین,ضد درد مخدر,تسکین دردی شدید قبل از بیهوشی کنترل و برگرداندن مهار تنفسی ناشی از فنتانیل در بیهوشی
استیل کولین کلراید,تنگ کننده مردمک,برای عمل جراحی عدسی چشم کاتاراکت = آب مروارید
بریمونیدین تارترات,میوتیک ضد آب سیاه چشم,آب سیاه چشم برای کاهش فشار چشم گلوکوم
کافئین,محرک ملایم سیستم عصبی,افزاش بیداری هشیاری و تسریع کارکرد عضلات و افزایش عملکرد سیستم تنفسی - به همراه ضد دردها آسپیرین یا کدئین مصرف می شود .
آپو مورفین هیدروکلراید,استفراغ آور,ایجاد استفراغ در مسمومیت دارویی
بلادونا - آرگوتامین پی بی,پیشگیری از سردردی میگرنی,پیسگیری از سردردی میگرنی مشکلات هیجانی و سردرد قبل از قاعدگی و کاهش علائم یائسگی
ارگوتامین تارترات,ضد میگرن ضد سر درد عروقی,درمان سردردی عروقی میگرن
کلشی سین,ضد نقرس ضد التهاب,درمان نقرس درمان آ میلوئیدوز آرتریت بهجت سیروز کبدی
داکاربازین,ضد سرطان,سرطانی خونی سرطان پوست ملانوم بدخیم
سیکلوفسفاماید,ضد سرطان,درمان سرطانی لنفوم اوسمی سرطان تخمدان پستان و در بیماری نارسایی کلیه سندرم نفروتیک و در رماتیسم و بیماری بافت همبند
کلرامبوسیل,ضد نئوپلاسم ضد سرطان,درمان سرطانی مثل لوسمی لنفوم هوچکین و غیر هوچکینبه طور جانبی در درمان روماتوئید آرتریت و سندرم بهجت استفاده میشود .
کلرمتین کلراید,ضد سرطان مهار سیستم ایمنی,لنفوم لنفوسارکوم سرطان ریه و سرطان و
کارموستین,ضد سرطان,در درمان سرطانی مغز و ساقه مغز لنفوم مولتیپل میلوما
لوموستین,ضد سرطان,سرطانی مغز لنفوم هوچکین
بوسولفان,ضد سرطان,درمان کنترل و مهار سرطان لوسمی میلوبلاستیک مزمن
کاربوپلاتین,ضد نئوپلاسم,سرطان تخمدان سرطان ریه سرطلنی رحمی لوسمی تومور بیضه
سین پلاتین,ضد سرطان,درمان کمکی در سزطان بیضه ریه مثانه و توموری تخمدان
ستریمید سی,ضد عفونی کننده,ضد عفونی زخمی ناشی از سوختگی و تمیز کننده پوست و التهاب پوست و شستشوی حین جراحی در کیست هیداتید
پروکائین آمید,ضد آریتمی قلبی,در بی نظمیی ریتم قلب ---- کاربرد دارد .
اکسی بوتینین,ضد اسپاسم,درد و تحریک مثانه و شب ادراری بی اختیاری ادراری
آمانتادین,ضد ویروس ضد پارکینسون,پیش گیری و یا درمان علامتی آنفولانزا ناشی از ویروس تیپ درمان عوارض دارویی واکنش اکسترا پیرامیدال و پارکینسون
آمینو اسید,تغذیه داخل وریدی و پر کالری,عارضه سو تغذیه یا مشکلات تغذیه ای ناشی از کمبود پروتئین و کالری
جنتامایسین,آنتی بیوتیک,عفونتی گرم منفی و برخی از گونهی استاف زخم جراحی عفونت ادراری عفونت ناحیه لگن
آمیکاسین,آنتی بیوتیک,عفونتی خطرناک دستگاه اداری استخوان پرده مغز و دستگاه تنفس
نئومایسین,آنتی بیوتیک,آمادگی قبل از عمل جراحی و کاهش میکروبی روده ای
استرپتومایسین,آنتی بیوتیک,در تب مالت و در بیماری سل به عنوان داروی کمکی بروسلوزیس
بوپروپیون,ضد افسردگی,افسردگی و ترک سیگار
کلروکین فسفات,ضد مالاریا,عفونتی مالاریایی عفونت با آمیب داخل و خارج روده ای کنترل التهاب رماتیسم مفصلی زخم روده بزرگ و التهاب مفصل آسم بیماریی التهابی ناشناخته پوستی مثل درماتومیوزیت لیکن پلان اریتم ندوزم
گاباپنتین,ضد تشنج صرع,در صرع پارشیل یا تشنج جنرالیزه عمومی
کالسیتریول,ضد هیپوکلسمی,درمان کمبود کلسیم به ویژه در بیمارانی که تحت درمان با دیالیز قرار دارند . درمان هیپو پاراتیروئیدیسم بیماری ریکتز کمبود ویتامین
کالسی پوتریول,ضد پسوریازیس,ضد پسوریازیس
دفروکسامین,دفع کننده آهن,مسمومیت با آهن بیماران تالاسمی ماژور . هموسیدروز مسمومیت با آلومینیوم و به منظور تشحیص افزایش آهن خون
سایمتیدین,ضد زخم و اسید معده,زخم معده برگشت مواد معده به مری التهاب و اختلال در معده
آزاتیوپرین,سرکوب ایمنی ضد رماتیسم,در پیوند کلیه سرکوب و مهار بیماری آرتریتت روماتوئید
دانوربیسین,ضد سرطان آنتی بیوتیک,سرطانی خون
دیترانول,ضد پسوریازیس,پسوریازیس مطمن غیر حاد بدون ضایعات تاول دار پوسچولی
آنتوسیانوزید,درمان اختلالات عروق,نارسایی وریدی عروق لنفاوی به ویژه هنگامی که اختلالات عروقی شکننده باشد و خونریزی نقطهای پتشی واکیموز خون مردگی ایجاد کند .
متیل دوپا,ضد فشار خون,فشار خون سندرم رینود
سیپروترون کامپاند,ضد آندروژن و استروژن,درمان آکنه و پرمویی غیر طبیعی هیر سوتیسم
کلومیفن,تحریک تخمک گذاری,درمان نازایی و نا رسایی تخمدان در موارد تشخیص عملکرد تخمدان به کار می رود .
آلومینیوم منیزیوم,آنتی اسید,آنتی اسید در درمان تحریک دستگاه گوارش یا زخم معده مصرف می شود .
آلومینیوم ام‌جی‌اس,ضد نفخ,درمان نفخ و کاهش اسید معده
پلی میکسین,ضد باسیل گرم منفی,در درمان عفونت چشمی و میکروبی مقاوم در ملتحمه و قرینیه چشم
کو آموکسی کلاو,بتالاکتام,عفونت ریه عفونت گوش میانی سینوزیت عفونت پوستی و کلیه و مجاری ادراری
بلئومایسین,ضد سرطان,سرطانی سلولی پوست لنفوم و سرطان بیضه
داکتینومایسین,ضد سرطان,سرطانی شایع : در کلیه تومور ویلمز تومور عضلات رابدومیوساکرم سرطان بیضه سارکوم استخوان
کلیندا مایسین فسفات,ضد میکروب,در عفونت میکروبی واژن خانم کاربرد فراوان دارد .
کلوفازیمین,ضد جذام,درمان جذام شایعترین مورد مصرف این دارو می باشد . البته این دارو به صورت کمکی با داروهای ضد جذام دیگر مصرف می شود .
نیستاتین,ضد قارچ,عفونتی قارچی کاندیدا ناحیه واژن یا مخاط دهان یا پوست و مری عفونت برفکی دهان کودکان
کلوگزاسیلین-سدیم,پنی سیلین مقاوم به پنی سیلین,عفونتی میکروبی با استاف طلایی میکروبی است که تولید کننده پنی سیلیناز است عفونتی پوستی و دستگاه تنفس
کاربنی سیلین,پنی سیلین ضد پسودوموناس,علیه عفونتی ادراری مننژِت عفونت بافت نرم پوست
ایمی پنم,آنتی بیوتیک,در درمان عفونتی ریوی عفونتی اداری- استخوانی ضایعات پوستی عفونت زنان و زایمان آلودگی میکروبی کلیه یا دریچهی قلبی
کاپرئومایسین,ضد سل,بیماری سل
آموکسی سیلین,آنتی بیوتیک,عفونت دستگاه تنفس ادراری
باسیتراسین,آنتی بیوتیک,زخم قرنیه التهاب و عفونت ملتحمه چشم
گریزوفولوین,ضد قارچ,عفونت قارچی عفونتی درماتوفیتی پوست و مو
کلیندا مایسین موضعی,ضد جوش و آکنه,آکنه و جوش سر و صورت عفونتی پوستی و زخمی سطحی عفونی
پنی سیلین,ضد میکروب,در درمان عفونتی ریوی عفونت پرده مغز مننژیت دیفتری سفلیس
کلیندا مایسین,آنتی بیوتیک,عفونتی ریوی پوستی و استخوانی درمان کمکی ایدز و عفونتی میکروبی واژن و مالاریا
بنزوتروپین مسیلات,ضد پارکینسون,پارکینسون دسیتونی دو بیماری سیستم عصبی که اولی با لرزش ترمور اندام و مشکل در حرکت و راه رفتن به علت کاهش مواد ضروری در گیرنده در مغز بروز می کند و دومی سفتی عضلات نواحی گردن و اندامست
متوترکسات,ضد سرطان ضد رماتیسم,سرطانی خونی لوسمی سرطان استخوان استئوسارکوم لنفوم پسوریازیس آرتریت روماتوئید
هیدروکسی اوره آ,ضد نئوپلاسم,سرطانی بدخیم خونی ملانوم بدخیم سرطان عود کننده تخمدان سرطانی سر و گردن
دیفن هیدرامین کامپاند,ضد احتقان ضد سرفه,درمان علامتی سرماخوردگی گرفتگی بینی آلرژی سرفه
نفازولین,ضد احتقان و حساسیت,در موارد پر خونی چشم ترشحات بینی خارش و قرمزی چشم
آستمیزول,ضد حساسیتی غیر خواب آور,حساسیت کهیر آلرژی رینیت
کتوتیفن,درمان آسم,عوارض آلرژی مفصلی آسم حساسیتی چشمی
سیپروهپتادین,ضد حساسیت اشتها آور,افزایش اشتها و درمان آلرژی و سردردی عروقی میگرن
پدیاتریک گریپ,ضد سرما خوردگی اطفال,سرما خوردگی و ترشحات بینی و سینوزیت اطفال التهاب گوش
قرص سرما خوردگی اطفال,ضد حساسیت و ضد تب و سرماخوردگی,این دارو ترکیب استامینوفن و آنتی هیستامین فنیل پروپانول آمین و کلرفنیر آمین است که در درمان سرماخوردگی و آبریزش بینی و عطسه و تب به کار می رود .
بای پیریدن,ضد پارکینسون,پارکینسون و علائم اکستراپیرامیدال در مسمویت دارویی مثلا در مسمومیت با داروی ضد استفراغ تزریقی یا خوراکی متوکلو پرامید
هیوسین,ضد اسپاسم,درمان کمکی در زخم معده اسهال درد اسپاسمی زخم روده بزرگ در بیماری حرکت ضد استفراغ بی اختیاری ادراری و درد قاعدگی
بنزتروپین,ضد پارکینسون,علائم مغذی بیماری پارکینسون و اکستراپیرامیدال
سیکلو پنتولات چشمی,گشاد کننده مردمک,برای آماده سازی چشم برای معاینه چشم پزشکی
پانکراتین,هضم کننده,کمبود آنزیم پانکراتین سرطان لوزوالمعده درمان بعد از جراحی برداشت روده
آسپاراژیناز,ضد سرطان نئوپلاسم,در یک نوع سرطان خون لوسمی منفوسیتی حاد
فیبرینولیزین موضعی,تمیز کننده موضعی زخم,در سوختگی و درمان زخم
دایجستیو,پانکراتین سایمیتیکون لیپاز,بیماریی گوارشی ناشی از کیسه صفرا پانکراس عمل جراحی معده درمان اسهال ناشی از جراحی برداشتن معدهو درمان نفخ
دیفن هیدرامین,آرام بخش ضد حساسیت,علائم آلرژی کهیر پرخونی چشم بیماریی خارش دارپوستی حساسیت شدید درمان پارکینسون و دیستونی حاد
دیمن هیدرینات,ضد حساسیت,تهوع استفراع اختلالات تعادل به واسطه مشکل گوش داخلی
کلماستین,آرام بخش,حساسیت کهیر آنژیوادم ریزش آب از بینی حساسیتی التهاب ملتحمه چشم بیماری پوستی خارش دار
اتر,بیهوش کننده,در بیهوشی به عنوان داروی کمکی استفاده می شود .
دی هیدروارگوتوکسین,درمان دمانس پیری,در درمان دمانس یا زوال عقلی در سالمندان
سیکلوسرین,ضد سل,درمان سل ریوی یا خارج از ریه
ناندرولون,آنابولیک,در درمان کم خونی ناشی از بیماریی کلیوی درمان سرطان پستان به صورت کمکی و با توجه به خاصیت تستسترونی در ورزشکاران به ویژه رشته بدنسازی برای افزایش حجم عضلات
اسید فوسیدیک,آنتی بیوتیک,در درمان عفونت و التهابی پوستی
اکسی متولون,ضد کم خونی,در درمان کم خونی تقویت عضلات و افزایش آنابولیسم در ورزشکاران حرفه ای بدنسازی از آن سوء استفاده می شود .
استروژن کنژوگه,هورمون - جانشین استروژن,درمان علائم گرگرفتگی و یائسگی درمان استئوپورز ضد نئوپلاسم شکایتی مجرای ادراری و تناسلی در زنان یائسه کمبود استروژن
کارنیتین,مکمل غذایی,کمبود کارنیتین در برنامهی بدنسازی تقویت عضلانی جلوگیری از کرامپ عضلانی در همودیالیز
ایندومتاسین,ضد درد ضد التهاب,در درمان دردهای خفیف تا متوسط تب ضد التهاب در بیماریی التهابی و رماتیسمی در آرتروز تورم مفاصل
دکس پانتنول,ضد التهاب پوستی,التهاب موضعی پوستی اگزما خارش و حساسیت و تحریک پوستی
کلسیم پانتوتنات,ویتامین 5,کمبود ویتامین 5 و پیشگیری از کمبود آن
ایبوپروفن,ضد التهاب ضد درد,دردی عمومی قلب بیماریی رماتیسمی درد قاعدگی
ناپروکسن,ضد درد ضد التهاب غیر استروئیدی,رماتیسم آرتروز دردی استخوانی حمله حاد نقرس سر دردی میگرنی
دیکلوفناک سدیم,ضد درد ضد التهاب,آرتروز استئوآرتریت رماتیسم مفصلی التهاب بورس و تاندون درد کلیوی
لوکوورین,درمان کم خونی,کمبود اسید فولیک درمان کمکی در سرطان که با متوترکسات درمان می شود در کم خونی
اسید سیتریک,آنتی اکسیدان,در درمان سنگی ادراری اگزالاتی و در درمان نقرس و اسید متابولیک مزمن
اسید بوریک,ضد باکتری ضد قارچ ضعیف,محلول دهان شویه و قطرهی چشمی و حشره کش
ایزونیازید,ضد سل,درمان سل ریوی
والپروات,ضد تشنج,انواع تشنج موضعی و عمومی درمان پیشگیری میگرن اختلالات اضطرابی در درمان اعصاب محیطی
بروموکریپتین,مهار هورمون ترشح پرولاکتین,عدم قاعدگی در زن بلوغ آمنوره ترشح شیر نابجا بیماری اکرومگالی درشتی غیر طبیعی اندام
ایپکاک,استفراغ آور,ایجاد استفراغ در مسمومیت حاد و گاهی به عنوان داروی خلط آور استفاده می شود .
نمک متعادل شده,محلول شستشوی چشم,شستشوی چشم حین عمل جراحی
محلول نمکی متعادل شده به همراه گلوتاتیون,محلول شستشوی چشم,شستشوی چشم حین عمل جراحی مثل آب مروارید کاتاراکت
کلرفنیرآمین مالئات,ضد حساسیت بی حس کننده موضعی,درمان علامتی حساسیت کهیر آنژیوادم آب ریزش و بیماریی التهابی پوستی
کربنات کلسیم,آنتی اسید ترکیب کمکی کلسیم,هیپر فسفاتمی ناشی از نارسایی کلیه کاهش کلسیم به عنوان آنتی اسید در زخم معده
اکسپکتورانت,خلط آور,درمان سرفه و تسهیل تخلیه خلط اط ریه و دفع ترشحات مجاری تنفسی سرماخوردگی
گایافنزین,خلط آور,سرفهی خشک یا درمان کمکی در فارنژیت برونشیت سینوزیت
برم هگزین کلراید,خلط آور,سرفهی توام با خلط
پیروکسیکام,ضد درد غیر استروئیدی,دردی اسکلتی-عضلانی رماتیسم مفصلی رماتیسم جوانان
داکسی سایکلین,آنتی بیوتیک,عفونتی حاد گونوکوکی سیفلیس عفونتی لوله رحمی عفونت دستگاه تناسلی
نالوکسان,ضد اپیوئید - ضد مخدر,تشخیص و درمان مسمومیت با مواد مخدر یا کومای ناشی از آن درمان مهار تنفسی بعد از جراحی خارش ناشی از انسداد صفراوی
کالامین,ضد خارش موضعی,خارش التهاب خفیف پوستی گرمازدگی آفتاب سوختگی
کلوتریمازول,ضد قارچ,عفونت کاندیدایی پوست عفونت کاندیدایی واژن
میکونازول,ضد قارچ,در درمان عفونتی قراچی پوست و ناخن و عفونت زنان
لوامیزول,ضد کرم,کرمی روده ای نماتود در سرطان روده بزرگ به عنوان داروی کمکی مصرف می شود مورد اصلیدرمان کرم آسکاریس است . در بیماری رماتیسم مفصلی کاربرد دارد .
کتوکونازول,ضد قارچ,عفونتی قارچی برفک دهان هیستوپلاسموز قارچ ناخن
فنوباربیتال,ضد تشنج,درمان تشنج صرع تشنج نوزادی یا تشنج به دنبال ضربه تشنج زمان حاملگی و به عنوان بی حس کننده موضعی
ایزوپروترنول,ضد آریتمی قلبی,این داروی مهم قلبی روی گیرندهی بتا 1 و بتا 2 اثر تحریکی دارد . باز کننده ریه نیز می باشد . برای انقباض عروق در شوک و نارسایی قلبی و اسپاسم ریه کاربرد دارد . بلوک قلبی نیز از دیگر موارد استفاده آن می باشد .
ایزوکسوپرین,گشاد کننده عروث,نارسایی عروق محیطی مثل سندرم رینود مشکلات عروق مغزی و بیماری برگز و عوارض همراه قاعدگی
گوانیتیدین,ضد فشار خون,فشار خون اولیه بالا و فشار خون ناشی از بیمار کلیوی و تنگی شریان کلیوی
پرازوسین,گشاد کننده عروق ضد فشار خون,فشار خون خفیف تا متوسط
آملودیپین بزیلات,ضد فشار خون,دردرمان آنژین درد قلبی و درمان فشار خون استفاده می شود .
نیفیدیپین,ضد فشار خون,در درمان فشار خون ضد درد قلبی و درد
دیلتیازم,ضد آنژین ضد فشار خون,آنژین مزمن قلبی آریتمی قلبی جلوگیری از سکته قلبی میگرن
فلورازپام,آرام بخش,بی خوابی اضطراب
کلرودیازپوکساید,ضد اضطراب,اضطراب محرومیت از الکل و عوارض ناشی از ترک آن
کلیدینیوم سی,آرام بخش و ضد اسپاسم معده و روده,این دارو ترکیب کلردیازپوکساید و کلیدینیوم بروماید است . درمان کمکی زخم معده و روده تحریک پذیر
لوراز پام,ضد تشنج خواب آور,اختلالات اضطرابی بی خوابی تشنج تهوع استفراغ
میدازولام,آرام بخش داروی کمکی در بیهوشی,آرام بخش کاهش اضطراب نگهداری و کمک بیهوشی عمومی درمان تشنج سکسکه مقاوم به درمان
کلوبازام,ضد اضطراب آرام بخش,اضطراب بی قراری تشنج و دردی بعد از قطع عضو
کلونازپام,ضد تشنج,تشنج اختلالات حملات عضلانی میوکلونیک در صرع
اکسازپام,ضد اضطراب,آرام بخش اختلالات اضطرابی بی خوابی
دیازپام,آرام بخش ضد اضطراب,درمان اضطراب تشنج ضد لرزش ضد حملات ترس پانیک در اسپاسم عضلانی به عنوان شل کننده عضلات اسپاسم در بیماران کزاز
آلپرازولام,ضد اضطراب خواب آور,اضطراب و حمله ترس
پنتازوسین,مخدر,ضد درد متوسط تا شدید
بنزیل بنزوآت,ضد گال و شپش,گال و شپش پدیکولوز
هالوپریدول,ضد سایکوز اختلالات شدید روانی,اختلالات سایکوز در نوع حاد و مزمن اضطراب شدید در بیماری اوتیسم افعال در استفراغی شدید و در دیس تونی اندام
دروپریدول,ضد سایکوز,ضد سایکوز ضد بیهوشی ضد تهوع در راستای اقدامات تشخیص به منظور آماده سازی بیمار آرام بخش بی قراری شدید
متفورمین,ضد دیابت,دیابت قندی تیپ
اتیدرونات,ضد هیپرکلسمی ضد استئوپورز پوکی استخوان,استئوپورز پوکی استخوان در یائسگی و پوکی استخوان ناشی از استروئید کورتون و در درمان پوکی استخوان یائسگی
هالوتان,بیهوش کننده,بیهوشی عمومی القا و نگهداری بیهوشی عمومی کاهش میزان درد زایمانی طبیعی بی حسی سرپایی
متوکلوپرامید,ضد تهوع ضد استفراغ,برگشت اسید معده به مری درمان یا پیشگیری از استفراغ و استفراغ شیمی درمانی
کارباکول چشمی,ضد آب سیاه چشم گلوکوم,کاهش فشار داخل کره چشمگلوکوم
بتاکاروتن,محافظت پوست,کمبود ویتامین مهار واکنشی ناشی از حساسیت به نور
اینترفرون,ضد سرطان و ضد هپاتیت,سرطانی خون لوسمی سارکوم کاپوسی هپاتیت مزمن
ژستونورون,ضد سرطان,سرطانی رحم اندومتر و هیپرپلازی خوش خیم پروستات
لوونورژسترل,هورمونی ضد حاملگی,جلوگیری از بارداری
مدروکسی پروژسترون,ضد سرطان ضد بارداری,جلوگیری از بارداری - پیشگیری از هیپرلازی اندومتر رحمی درمان موقت سرطان پستان در خانمی یائسه سرطان پروستات مردان
لاتانوپروست,ضد آِب سیاه چشمگلوکوم,برای درمان فشار بالای داخل چشم
سیساپراید,داروی گوارش,احساس ترش کردن در معده کم تحرکی دستگاه گوارش برگشت مواد معده به مری
ستیل پیریدینوم,ضد عفونی کننده,ضد عفونی و درمان التهاب لثه و عفونت جزئی دهان
سیکلوسپورین,سرکوب کننده ایمنی,مهار ایمنی در پیوند کلیه ضد رماتیسم درماتیت عوارض پوستی آلوپسی پیوند قرینیه چشم تیپ دیابت
کالسی تونین,ضد پوکی استخوان,پیشگیری از پوکی استخوان پس از یائسگی بیماری پاژه استخوان و نئوپلاسم بدخیم
دکستران,سرم,مورد اصلی مصرف آن وقتی است که در موارد اورژنش خون در دسترس نباشدو با این محلول حجم داخل عروث افزایش می یابد .
کولیستین,آنتی بیوتیک - ضد باکتری,درمان عفونتی دستگاه گوارش و گرم منفی مثل پسودومونا
نافیسیلین,آنتی بیوتیک,عفونتی میکروبی میکروب استاف طلاییسلولیت عفونت استخوانی پنومونی آبسه مغزی اندوکاردیت عفونت نوزادان
آمپی سیلین,آنتی بیوتیک,عفونتی عمومی دستگاه تنفس سیستم ادراری عفونت پرده مغزمننژیت
اتوپوساید,ضد سرطان,سرطانی بیضه و ریه
کلادریبین,ضد سرطان,در درمان سرطان خون لوسمی لنفوم آنمی کم خونی لیز کننده
پیپرازین,ضد کرم,کرمی گرد یا نماتود آسکاریس کرمک استرونژیلوس
پرفنازین,درمان سایکوز,اختلال شدید روانی مثل اسکیوزوفرنی اضطراب شدید تهوع و استفراغ شدید افسردگی همراه با اضطراب
هیدروکسی زین,ضد حساسیت و خارش,خارش حساسیت آلرژیک کهیر مزمن آرام بخش
ترفنادین,آنتی هیستامین ضد حساسیت,حساسیت آلرژی کهیر ترشحات از بینی آبریزش- این دارو آنتی هیستامین غیر آرام بخش است .
دی اتیل کابامازین سیترات,ضد کرم,آلودگی انگلی به کرم فیلاریاز سرکیاز لوآلوآ و آسکاریس کرمی روده و مجاری لنفاوی بدن
سیناریزین,ضد حساسیت آرام بخش,درمان علامتی سرگیجه و اختلالات عروقی محیطی
لوپراماید,ضد اسهال,در درمان اسهالی مسافرتی و اسهالی حاد و مزمن
فلوسیتوزین,ضد قارچ,درمان عفونتی قارچی کاندیدا اسپورتریکوز کریپتوکوکوزیس
دی پیرید امول,مهار کننده تجمع پلاکتی,پیشگیری از ترومبوآمبولیلخته شدن خون در ورید به ویژه در دریچهی مصنوعی قلبی به منظور تشخیص بیماری قلبی پیشگیری از سکته قلبی مجدد
دوستکسل,ضد سرطان,در درمان سرطانی پستان در مراحل پیشرفته نومور بدخیم سرطان پستان و ریه و تخمدان
تتراسایکلین,آنتی بیوتیک,عفونتی عمومی خفیف تا متوسط بیماری عفونی لگن عفونت گونوکوکی بیماریی مقاربتی سفلیس عفونت مجاری ادراری در زنان
تتراسایکلین موضعی,آنتی بیوتیک ضد آکنه,آکنه و عفونتی ساده پوستی
سالبوتامول,باز کننده مجاری هوایی ریه,آسم به ویژه حملات حاد آسم بیماریی انسدادی ریه برونشیت پیشگیری از زایمان زودرس
ارگوتامین سی,ضد میگرن,حملات سر درد میگرنی یا سر دردی عروقی
بلادونا - پی بی,ضد درد ضد موسکارین,زخم معده بیماری روده تحریک پذیر و عفونت باکتریال روده اسهال درد شکمی به ویژه شیرخواران
فروس سولفات,ضد کم خونی,به عنوان مکمل غذایی خونساز و کم خونی فقر آهن
استامینوفن کدئینه,ضد درد ضد تب,درد خفیف تا شدید
آ - ث - آ,ضد درد ضد تب,دردی خفیف تا متوسط تب
آدالت کلد قرص سرما خوردگی بزرگسالان,ضد سرما خوردگی,سرما خوردگی + علائم آنفولانزا و سینوزیت
استیل سیستئین,آنتی دوت استامینوفن ضد و خنثی کننده استامینوفن,هرگاه فردی با استامینوفن مسموم شده باشد کاربرد دارد .
آلبندازول,ضد کرم وسیع الطیف,درمان کرم تنیاسولیوم سیستی سرکوزیس و بیماری هیداتید
اشک مصنوعی,اشک مصنوعی,نارسایی ترشح اشک در چشم خشکی چشم
آسیترتین,ضد آکنه ضد پسوریازیس,ضایعات پوستی پسوریارزیس اختلال کراتیینزاسیون
لوودوپا- بی,ضد پارکینسون,پارکینسون این دارو ترکیب لوودوپا و بنسرازید است
لوودوپا-سی,ضد پارکینسون,پارکینسون
بیسموت ساب سیترات,ضد زخم معده و روده ضد اسهال مسافرتی,پیشگیری از اسهال مسافرتی سوءضمه زخم معده و روده و گاستریت التهاب معده
پیرونیوم پاموآت,ضد کرم,آلودگی به انگل کرمک
فلوکونازول,ضد قارچ,علیه قارچ دهانی قارچ حلقی مثل کاندیدیاز در مری و مننژیت کریپتوکوکی و سایر عفونتی عمومی و عفونت واژن
متی مازول,ضد پرکاری تیروئید,در درمان پرکاری تیروئید گواتر سمی
فلوپنتیکسول,ضد سایکوز حالات شدید روانی,درمان سایکوز درمان کم خونی مگالوبلاستیک ضد درد صرع تشنج
تیوتیکسین,ضد اختلالات روانی,اختلالات روانی اختلال شخصیتی
کلسیم فورت,الکترولیت,کمبود کلسیم استئوپوزر پوکی استخوان
کلسیم گلوکونات,اختلالات الکترولیتی,درمان کمبود کلسیم حاد بالا بودن پتاسیم بالا بودن منیزیم ایست قلبی
کلسیم کلراید,اختلال الکترولیتی,احیای قلب کاهش شدید کلسیم مسمومست با منیزیم
کولودیون,بیماریی پوست,برای حفاظت از پوست در ضایعات پوستی و التهاب پوستی به کار می رود . در ساخت ترکیبات دارویی نیز به کار می رود .
اتومیدیت,بیهوش کننده عمومی,در بیهوشی عمومی
هماتینیک,خونساز,پیشگیری و درمان کم خونی ناشی از کمبود آهن سوء تغذیه در حاملگی
گرانی استرون,ضد تهوع و ضد افسردگی,در استفراغی شدید ناشی از شیمی درمانی سرطان
روغن کرچک,----,رادیو گرافی تشخیصی یا آمادگی قبل از عمل
اتامبوتول,ضد سل,ضد بیماری سل ضد بیماری ایدز و عفونتی جدی و شدید
ادتیت دی کبالت,ضد مسمومیت با سیانید .,مسمومیت با ترکیبات سیانیدی
کلوزاپین,ضدسایکوز اختلال روانی شدید,بیماری روانی سایکوز اسکینروفرنی اختلال رفتاری ناشی از فراموشی پیری دمانس سایکوز همراه بیماری پارکینسون
تری میپرامین,ضد افسردگی,در درمان افسردگی و دردی مزمن و اختلالات خواب
داکسی پین,ضد افسردگی ضد درد,افسردگی مزمن درد مزمن اضطراب
دزی پرامین,ضد درد ضد افسردگیسه حلقه ای,افسردگی مزمن درد مزمن کودکان بیش فعال کم توجهپرخوری عصبی افسردگی ناشی از مصرف الکل و کوکائین
لاکتولوز,اسهال آور,ضد یبوست- عوارض کبدی ناشی از کومای کبدی و پیشگیری از عوارض مغزی آن آنسفالوپاتی کبدی مفید است .
وراپامیل,ضد فشار خون,درد قلبی فشار خون بی نظمی قلبی به ویژه آریتمی
متادون,ضد درد مخدر صناعی,در شدید سندرم محرومیت از مخدر
دایمتیکون,ضد نفخ,نفخ شکم درمان کمکی در زخم معده روده تحریک پذیر عدم تحمل به لاکتوز
کلوروکسیلنول,ضد عفونی کننده,ضد عفونی زخم
فلبامات,ضد تشنج,این دارو به دلیل عوارض جدی فقط در موارد خاص تشنجی مقاوم کاربرد دارد .
دیلوکسانید,ضد انگل ضد آمیب,ضد آلودگی انگلی با آمیب می باشد . در آلودگی باکیست هم مفید است .
تریامترن-اچ,دیورتیک-ادرار آورمدر,تورم عمومی بدن ادم ناشی از نارسایی قلبی نارسایی کبدی فشار خون درمان کاهش پتاسیم خون
هیدروکلروتیازید,ضد فشار خون ضد سنگ سازی در کلیه,در درمان فشار خون اختلالات کبدی نارسایی کلیه ادم عمومی قبل از قاعدگی
کلرتالیدون,ضد فشار خون ادرار آور,ادم ناشی از نارسایی قلبی اختلالات کبدی و فشار خون بالا و ورم قاعدگی
فورسماید,ضد فشار خون,کنترل فشار خون نارسایی مزمن کلیوی سیروز کبدی نارسایی احتقانی قلب
مانیتول,ضد گلوکوم آب سیاه چشم,در ایجاد ادرار بیشتر دیورزاسموتیک در نارسایی حاد کلیه برای کاهش فشار داخل جمجمه میوگلوبینوری ناشی از سوختگی برق گرفتگی در اثر برق گرفتگی ناشی از سلولی خونی از طریق ادرار دفع می شوند .
آمییوراید,ضد فشار خون,فشار خون هیپرتانسیون و ادم تورم عمومی ناشی از نارسایی قلبی
اتاکرینیک اسید,ضد فشار خون ضد هیپرکلسمی,ادم ناشی از نارسایی قلبی اختلال کبدی و بیماری کلیوی
اترتینت,ضد پسوریازیس,پسوریازیس مقاوم
ایزوترتینوئین,ضد آکنه,آکنه شدید و مقاوم به درمان التهاب فولیکولی مو عفونت غدد چربی پوست
روغن کاد,ضد عفونی کننده و ضد خارش پوست,در درمان موضعی اگزما خارش و شوره سر استفاده می شود .
روغن کبد ماهی,ویتامینی ضروری و محلول در چربی .,نوع موضعی در درمان ضایعات پوستی و زخمی بستر استفاده می شود . این روغن حاوی ویتامینی و و اسید چرب ضروری می باشد .
ریفامپین,ضد سل - ضد جذام,عفونتی سلی جذام عفونت استخوانی تب مالت بروسلوزیس مننژیت عفونت پرده مغز
شارکول فعال,ضد مسمومیت ضد التهاب,مسمومیتی دستگاه گوارش نفخ پوشش زخم بد بو درمان خارش در نارسایی کلیه
استیل سالیسیلیک اسید,ضد درد ضد تب ضد التهاب مانع تجمع پلاکتی خونی,آرتریت التهاب مفاصل درد خفیف تب حمله مغزی حمله قلبی
منتول سالیسیلات,ضد درد موضعی,تسکین دردی موضعی و در عضلات و اسکلت
آسپیرین,ضد درد ضد تب ضد التهاب مانع تجمع پلاکتی خونی,درد آرتریت دردهای مفصلی ضایعات آمبولی لختهی خون در عروق و حملات با نارسایی عروق مغزی برای بیماران قلبی به منظور پیشگیری از لختهی پلاکتی
نیکلوزامید,ضد انگل کرم,در درمان کرمی نواری مثل تینیا ساژیناتایاسولیوم
پروپوفول,داروی کمک بیهوشی,برای القا بیهوشی عمومیسریع الثر و کوتاه الثر استفراغ
سفالکسین,آنتی بیوتیک,عفونتی تنفسی عفونتی گوش میانی عفونتی پوستی استخوان و مفاصل و عفونت ادراری - تناسلی
سفالوتین,آنتی بیوتیک,مسمومیت عفونتی ادراری عفونت ریوی پنومونی عفونت استخوانیاستئومیلیت
سفازولین,آنتی بیوتیک,عفونتی تنفسی دستگاه ادراری پوستی مجاری صفراوی عفونت خون سپتی سمی عفونت دریچه قلبی و پیشگیری قبل از عمل
سفرادین,آنتی بیوتیک,عفونت ریه گلودرد چرکی عفونت گوش میانی عفونت پوستی پیشگیری از عفونت در جراحی
سفتی زوکسیم,آنتی بیوتیک,عفونتی ریوی ادراری سوزاک عفونت داخل شکمی عفونت پوستی استخوان و مفاصل
سفوتاکسیم,آنتی بیوتیک,عفونت ریه عفونت ادرار عفونت پوستی پریتونیت عفونت مغزی سزارین
سفتازیدیم,آنتی بیوتیک,عفونت ریوی عفونت ادراری - پوستی عفونت استخوان آبسهی داخل شکم عفونت پرده مغز مننژیت
سفتریاکسون,آنتی بیوتیک,عفونتی تنفسی عفونت پوست و استخوان و کلیه
سفیکسیم,آنتی بیوتیک,درمان عفونت ادراری التهاب و عفونت گوش میانی عفونت حلق برونشیت حاد و سوزناک
دیپی وفرین,ضد آب سیاه چشم,آب سیاه چشم گلوکوم زاویه باز
اپی نفرین,بازکننده ریه بالا برنده فشار خون,ایست قلبی - دراحیای قلب و ریه داروی بسیار حیاتی است و در مورد شوک ناشی از حساسیت دارویی آنافیلاکسی یا آسم و حملات ریوی در کودکان و جوانان بسیار مفید است .
دوپامین,تنگ کننده عروق,محرک قلبی است و در درمان کاهش یا افت فشار خون و شوک قلبی و نارسایی قلبی و نارسایی کلیه مفید است .
افدرین,ضد آسم,باز کردن مجاری هوایی درمان احتقان بینی درمان علامتی آسم
متاپروترونول,برونکودیلاتور,بیماریی تنفسی مثل آسم و تنگی نفس مزمن ریوی برونشیت آمفیزم برونشکتازی و درمان بلوک قلبی
کولفوسریل,ضد نارسایی ریه نوزادان,درمان و پیشگیری از خطر ناتوانی تنفسی در نوزادان به ویژه نارس و کمبود مادرزادی سورفاکتانت داخلی در ریه
سولفات روی,مواد معدنی- مکمل غذایی,درمان کمبود روی درمان کمکی بیماری کمبود مس
سولفات منیزیم,ضد تشنج به ویژه در حاملگی,در مسمومیت حاملگی کلامپسی و پره اکلامپسی در خانم حامله و کسانی که از راه دهان تغذیه نمی کنند و مجبوریم دارو و مواد ضروری را از راه وریدی محیطی به آنها برسانیم .
سولفاستامید چشمی,آنتی بیوتیک,عفونت چشمی کراتیت چشمی
سولفاسالازین,ضد التهاب روده ضد زخم روده بزرگ,زخم فعال روده بزرگ رماتیسم مفصلی سندرم بهجت اسکلرودرمی بیماری عروقی عمومی واسکولیت
داپسون,ضد جذام,آلودگی به توکسوپلاسموز جذام درماتیت ایدز آلودگی قارچی
سیلورسولفادیازین,ضد باکتری و عفونت,سوختگی و درمان عفونتی پوستی
کوتریمکسازول,ضد باکتری آنتی بیوتیک,عفونتی مجاری ادراری اسهالی عفونی عفونت گوش میانی عفونت پروستات حاد یا مزمن عفونت شدید ریوی
دورزولامید,ضد گلوکوم,برای کاهش فشار داخل چشم و درمان گلوکوم زاویه باز
مافناید,ضد میکروب ضد قارچ,عفونت زخم سوختگی پیشگیری و درمان عفونت
کلرپروپامید,ضد دیابت قندی,بیماری قندتیپ 2 یا دیابت بزرگسالان دیابت بی مزه
دی متیل سولفوکساید,ضد التهاب موضعی,التهاب مثانه
اتوسوکسیماید,ضد سرع ضد تشنج,انواع صرع پتسمال آبسانس و صرع میوکلونیک
ادتیت کلسیم دی سدیم,ضد مسمومیت با فلزات,مسمومیت با فلزات سنگین مثل سرب کادمیم کرومیک کبالت مس روی منیزیوم نیکل تنگستن
پنی سیلامین,ضد مسمومیت با فلزات سنگین,در درمان مسمومیت با سرب مس جیوه
سیپروتروناستات,هورمون ضد آندروژن,درمان افزایش شدید میل جنسی برای کاهش مسل جنسی و در درمان سرطان پروستات و پرمویی و آکنه
لوساتان,ضد فشار خون,فشار خون
آمی تریپ تیلین,ضد افسردگیاعصاب و روان,افسردگی یا پایین بودن خلق و به صورت فرعی در عوارض افسردگی مثل بی اشتهایی یا پر استهایی و دردیی با ریشه عصبی
نورتریپتیلین,ضد افسردگی,ضد افسردگی ضد ترس روانیپانیک دردهای عصبی شب ادراری سردرد میگرنی
ایمی پرامین,ضد افسردگی,افسردگی شب ادراری در اطفال دردی مزمن پرخوری بولیمای اضطرابی و آسیبی روانی پس از ضربه مثل حوادث عمومی : جنگ زلزله سوگ عزیزان
تولمتین,ضد درد ضد رماتیسم,در درمان آرتریت حاد و مزمن استئو آرتریت رماتیسم مفصلی
کاپسیکوم,ضد خارش,دردی عضلانی و مفصلی درد استخوانی و دردهای با ریشه اعصاب محیطی
انوکساپرین,آنتی ترومبوز,پیشگیری از ترومبوزلخته در ورید و آمبولی ریه درمان ترومبوز ورید عمقی آنژین قلبی ناپایدار
بوراکس,ضد باکتری,این دارو ضد باکتری و نرم کننده می باشد و در کرم و داروهای ساختگی پوست استفاده می شود .
دکس کلرفنرآمین,ضد آلرژی,درمان علامتی وضعیت آلرژی کهیر حساسیت چشمی بیماری خارش دار پوستی
دی سیکلومین,ضد اسپاسم دستگاه گوارش,دردهای دستگاه گوارش درمان کمکی در اسهال روده تحریک پذیر درد شکمی کولیک در شیر خواران
آنتی توکسین بوتولیسم,ایمونوسرم بوتولیسم سم نوع,پیشگیری و درمان مسمویت با سم بوتولیسمسم ناشی از میکروب در عسل یا کنسرو
سلنیوم سولفاید,ضد شوره سر,حساسیت موضعی سر به همراه شوره سر و شایعات شبه قارچی تنیا و رسیکالر
سیتارابین,آنتی متابولیک,ضد سرطانی خون :
میترامایسین,آنتی بیوتیک ضد هیپرکلسمی,در درمان بالا بودن کلسیم خون هیپر کلسیوری شدید دفع ادرار کلسیم سرطان بیضه
کلوبوتینول,ضد سرفه,در درمان سرفهی مقاوم یا به علت نا مشخص
پماد سوختگی,ضد التهاب,درمان سوختگی و پیشگیری و درمان التهاب و تحریک پوستی شیرخواران و زخم سطحی
کلرهگزیدین گلوکونات,دهان شویه,عفونتی دهان زخمی دهان و لثه
کاربامید پراکساید,ضد التهاب ضد عفونت,تسکین التهاب تحریکات و ضایعات دهان زبان پوست
مینوکسیدیل,گشاد کننده عروق,فشار خون بالا اصلی ترین ضروریات درمان است . هر چند این دارو داروی اصلی فشار خون معمولی نیست بلکه در موارد فشار خون مقاوم کارایی دارد و در ترکیب با داورها دیگر استفاده می شود .
نیتروپروساید,گشاد کننده عروق,حملات حاد فشار خون نارسایی قلبی سکته قلبی در حین جراحی
آمفوتریسین - بی,ضد قارچ و عفونت,عونتی قارچی سیستمیک و مخاطره آمیز ناشی از ارگانیسمی حساس هیستوپلاسموز آسپرژیلوس
لوراتادین,ضد آسم,درمان علامتی رینیت آلرژیک و حساسیتی فصلی و کهیر
دایمر کاپرول,ضد مسمومیت فلزات سنگین,این دارو به عنوان شلاتور یا دفع کننده و متصل شونده به بعضی از فلزات سنگین کاربرد داردو در مسمومیت با آرسنیک سرب طلا و جیوه کاربرد دارد .
گلوتارآلدئید,ضد عفونی کننده,برای ضد عفونی کردن وسایل دندانپزشکی تجهیزات لاستیکی اتاق عمل و وسایل آرتروسکوپی
بوسرلین,هورمونی محرک,آمادگی برای تحریک تخمک گذاری برای لقاح خارج رحمی سرطان پروستات التهاب رحمی اندومتریوز درد قاعدگی
کلستیر آمین,ضد چربی خون,افزایش کلسترول خون خارش ناشی از انسداد صفراوی سندرم روده تحریک پذیر و کاهش بروز سکته قلبی
فاکتور هفت,ضد خونریزی,در درمان خونریزی هموفیلی و این فاکتور وابسته به ویتامین است
فاکتور نه,ضد هموفیلی,ضد خونریزی جلوگیری از خونریزی ناشی از هموفیلی یا بیماری کریسمس قبل از اعمال جراحی یا کنترل خونریزی در حین و بعد از عمل پیشگیری از کنترل خونریزی در هموفیلی
سیپروفلوکساسین چشمی,آنتی بیوتیک,عفونت میکروبی ملتحمه چشم زخم عفونی قرینیه عفونت گوش خارجی و میانی
سیپروفلوکساسین,آنتی بیوتیک,عفونتی ادراری عفونت ریوی پوستی والتهابی مجاری ادراری و استخوانی
افلوکساسین,آنتی بیوتیک,این دارو شبیه سیپروفلوکساسین است و در درمان عفونتی ریوی مثل برونشیت پنومونی عفونت ریه عفونت پوست استخوان و پروستات استفاده میشود .
کتامین,بیهوشی,دارو در بیهوشی بدون شلی عضلات با داروی دیگر و یا بدون داروی دیگر به کار می رود .
مورفین,مخدر ضد درد,در دردهای خفیف تا متوسط القای بیهوشی ادم حاد ریه
فلوفنازین,ضد سایکوز حالات شدید روانی,اختلالات روانی اضطراب شدید
تری فلوئوپرازین,ضد استفراغ ضد سایکوز,در درمان اختلالات روانی اضطراب بیماری اسکیزوفرنی
کلرپرومازین,ضد سایکوز آرامپخش,اختلالات شدید روانی سایکوز یاحملات حاد مانیا و به عنوان آرامبخش رفع سکسکه مقاوم بی اشتهایی عصبی میگرن و فشار خون حاملگی درمان وابستگی به مخدر و در نوزادان دیستونی گردنی
تیوریدازین,ضد اختلالات روانی,اختلالات روانیسایکوز و اختلالات رفتاری کودکان بی قراری و رفتار خشونت زا و تهاجمی
پرومتازین,آرام بخشی ضد حساسیت,حساسیت و خارش پوستی بی خوابی تهوع استفراغ
پتیدین,مخدر,درد متوسط و شدید و قبل از عمل و کمک بیهوشی
لاموتری ژین,ضد تشنج,تشنج
کلوفیبرات,پایین آورنده چربی خون,ضد افزایش چربی خون تری گلیسیرید بالا دیابت بی مزه بیماری قلبی گزانتوم توبرسوم
جیم فیبروزیل,ضد چربی خون,در افزایش چربی خون کلسترول خون وپیشگیری از بیماری ایسکمیک قلبی
انفوران,گاز,درهنگام بیهوشی دز اتاق عمل و بی حسی سرپایی
بفنیوم هیدروکسی نفتوآت,آگونیست گیرنده کولینرژیک,آلودگی به کرم آسکاریس و کرم قلابدار نکاتور آمریکانوس
آتروپین چشمی,گشاد کننده مردمک چشم,ضایعات چشمی مثل چسبندگی و التهاب در کپسول عنبیه و برای درمان آب سیاه چشم و برای گشاد کردن مردمک
آتروپین سولفات,ضد برادیکاری و آریتمی و ضد مسمومیت ضد مواد سمی ارگانو فسفره حشره کش,کم کاری قلبی برادیکاری و بلوک قلبی و مهار رفلکس واگ تحریک ناحیه گلو که باعث استفراغ می شود
آمینوکاپروئیک اسید,مهار فیبرینولیزیس,خونریزی شدید و حاد ناشی از هیپر فیبرینولیزیس افزایش آن کاهش پلاکت خون و درمان مسمومیت با استرپتوکیناز یا اوروکیناز
فلومازنیل,ضد بنزودیازپین,درمان مسمومیت با بنزودیازپین ضد دیازپام و در آنسفالوپاتی کبدی مفید است .
لوودوپا,ضد پارکینسون,پارکینسون
بتاهیستین,ضد سرگیجه,حملات سر گیجه بیماری منییر که با حملات سرگیجه توام است .
آمیودارون,ضد آریتمی قلب یا دهلیز قلبی,بی نظمی ریتم قلبی آریتمی در بطن یا فوق بطن فیبریلاسیون یا فلوتر دهلیزی
فلورسئین,داروهای تشخیص چشم پزشکی,تشخیص آب سطحی در قرینیه اجسام خارجی در قرینیه و ملتحمه و عوارض ناشی از آلودگی ویروس تب خال اندازه گیری تخلیه و وضعیت اشکی چشم برای جاگذاری لنزی سخت تماس
هیدرالازین,ضد فشار خون,فشار خون بالا نارسایی احتقانی قلب نارسایی شدید دریچه آئورت قلب
متیل پردنیزولون,ضد التهاب,به عنوان داروی ضد التهاب در رماتیسم نفریت لوپسی و حساسیتی شدید
فلئوسینولون,کورتون ضد التهاب موضعی,التهاب خفیف پوستی ضایعات خارش دار پوست
بتامتازون,ضد التهاب مهار ایمنی,التهاب شدید و مهار سیستم ایمنی نارسایی کورتکس آدرنال
وانکومایسین,آنتی بیوتیک,عفونتی متوسط بی هوازی گازگانگرن عفونت استخوانی عفونت پوستی و روده ای عفونت ریوی و پرده مغزی
دوکسو روبیسین,آنتی بیوتیک ضد سرطان,سرطانی خونی نووربلاستوم سارکوم استخوان سرطانی پستان تخمدان مثانه تیروئید و سرطان معده
دیگوکسین,ضد آریتمی قلبی نارسایی قلبی,نارسایی قلبی بی نظمیی ریتم قلبی نوع سوپراونتریکولار
لوپرورلین,هورمونی جنسی,در درمان سرطانی پروستات
گونادوتروپین جفتی انسانی,محرک تخمک گذاری زنان محرک اسپرماتوژنز مردان,در موارد ناباروری نازایی زنان در مردان دچار کاهش هورمون درمان بیضهی نزول نکرده
باریم سولفات باریم,ماده تشخیسی در ضایعات گوارشی,رادوگرافی معده و روده بزرگ و کوچک و مری
اریترومایسین,آنتی بیوتیک,عفونت دستگاه تنفس گلو گوش عفونت ریوی سیاه سرفه عفونتی لگنی اورتریت غیر گونوکوکی تب رماتیسمی
کلاریترومایسین,آنتی بیوتیک,التهاب و عفونت و گلو و لوزه فارنژیت سینوزیت و عفونت ریه ناشی از مایکوباکتریوم آویوم و میکروب هلیکوباکتر در معده
تئوفیلین,ضد آسم باز کننده ریه,حمله حاد آسم آسم مزمن برونشیت
دیفنوکسیلات,ضد اسهال,اسهالی مزمن درمان اسهال ناشی از ترک مواد مخدر
آتراکوریوم,شل کننده عضلات مخطط استخوانی,در بیهوشی تسهیل در لوله گذاریشل کردن عضلات مخططو کمک در بیهوشی عمومی
آتنولول,ضد درد قلبی,فشار خون هیپرتانسیون و دردهای قفسه سینه با منشاء قلبیانژین
بنزوکائین,موضعی,تسکین دردهای موضعی آفتاب سوختگی خفیف درد ناحیه هموروئید
کاربامازپین,ضد تشنج و دردهای عصبی,تشنج جنرالیزه و دردهای عصبی سه شاخه تریژمینال
استامینوفن,ضد درد غیر مخدر ضد تب,دردی خفیف تب
دیازوکساید,ضد فشار خون,فضار خون بالای بیمار و فشار خون بعد از عمل جراحی
کلرامفنیکل چشمی,آنتی بیوتیک,عفونتی باکتریال سطح چشم التهاب قرینیه التهاب و عفونت ملتحمه چشم
کدئین فسفات,ضد درد,درد و گاهی سرفهی بدون خلط تحریکی
مپروبامات,ضد اضطراب,اضطراب و علائم بی قراری
باکلوفن,شل کننده عضلات اسکلتی مخطط,اسپاسم عضلات در بیماریی مولتیپل اسکلروزیس و ضایعات نخاعی
فن فلورامین,ضد اشتها,به عنوان ضد اشتها و مبارزه با چاقی
لیدوکائین هیدروکلراید,بی حس کننده موضعی,بی حس کننده منطقه ای بلوک اعصاب محیطی و بلوک عصب سمپاتیک در بی حسیی نخاعیاسپانیال و ترکیبات مخدر و آریتمی قلبی .
بوپی واکائین,بی حس کننده نخاعی و اعصاب محیطی,بی حسی موضعی - نخاعی - بلوک عصبی - جراحی چشم بی حسی برای زایمان طبیعی و سزارین
مفنامیک اسید,ضد درد ضد التهاب,دردی خفیف درد دندان ضد تب
اسید بنزوئیک,ضد قارچ,ضد قارچ و عفونت میکروبی
دیزوپیرامید,ضد آریتمی قلبی,آریتمی قلبی با منشا فوق بطنی فلوتر و فیبریلاسیون دهلیزی
پروپیل تیواوراسیل,ضد پرکاری تیروئید,درمان پرکاری تیروئید تیروتوکسیکوز یا گواتر سمی
فاکتور ضد هموفیلی,ضد هموفیلی فاکتور هشت,کمبود فاکتور هشت
آلبومین انسانی,افزایش دهنده حجم پلاسما,شوک سوختگی کاهش پروتئین افزایش بیلی روبین
فیبرینوژن,عامل انعقاد خون,برای کنترل خونریزی در خونریزی ناشی از یا جدا شدن زودرس جفت در حاملگی و پس از جراحی قلب و ریه به کار می رود .
بیزاکودیل,ملین و محرک دستگاه گوارش اسهال آور,یبوست حاد و گذرا یا آماده سازی بیمار برای اقدامات تشخیصی رادیوگرافی و کولونسکوپی آندسکوپی تشخیصی
کلرامفنیکل,آنتی بیوتیک,عفونتی شدید پرده مغزی مننژیت عفونت تیفوئید آبسهی مغزی گازگانگرن
گلایبن کلامید,ضد دیابت,در درمان دیابت قندی تبپ یا بزرگ سالی
فنتانیل,ضد درد و کمک بیهوشی,قبل از بیهوشی
آمینوفیلین,یاز کننده ریه برونش ضد آسم,آسم تنگی راههای هوایی نارسایی احتقانی قلب و توقف تنفسی آپنه نوزادان
تنتوربنزوئین,درمان عفونتی ویروسی,زگیل کراتوزها پاپیلوم لارنکس کراتوزهای همراه سبوره یا ناشی از رادیوتراپی اشعه 
وارفارین,ضد انعقاد,پیشگیری از لخته شدن دارو در وریدی عمقی ترومبوز ورید عمقی بعد از انفارکتوس میکارد سکته قلبی حملات گذرای مغزی
سوربیتول,ضد یبوست,درمان یبوست
هیدروکینون,ضد کک و مک,برای درمان کک و مک و لک موضعی و کلواسمای حاملگی ملاسما و لکهی تیره و قهوه ای ناشی از نور آفتاب در سوختگی تغییر رنگ پوست صورت
لوواستاتین,ضد چربی,درمان هیپرلپیدمی افزایش چربی خون
آتور واستاتین,ضد چربی خون کاهش و کلسترول کامل,درمان چربی خون کاهش کلسترول وتریگلسیرید نوع اولیه و فامیلی
آکاربوز,ضد دیابت بیماری قند,درمان کمکی در دیابت می باشد
فلوواستاتین,ضد چربی,بالا بودن چربی خون هیپرکلسترولمی
آپروتینین,هموستازضد خونریزی,خونریزی ناشی از فیبرینولیز و التهاب پانکراس
انالاپریل,ضد فشار خون,درمان فشار خون خفیف تا شدید نارسایی احتقانی قلب و اختلال عملکرد کلیوی
لیزینوپریل,ضد فشار خون گشاد کننده عروق,فشار خون بالا گشاد کننده عروق در نارسایی احتقانی قلب انفارکتوس حاد میوکارد سکته قلبی
آلو پورینول,ضد نقرس,نقرس که یک نوع آرتریت مرتبط با افزایش اسیداوریک است و درمان عوارض کلیوی نقرس سنگی کلیوی اگزالات کلسیم
استازولامید,ضد گلوکوم ضد تشنج ضد ادم,کلوکوم آب سیاه چشم با زاویه باز درمان نارسایی قلبی و ادم آن بیماری حاد ارتفاع تشنج میکلونیک جلوگیری از سنگ سازی کلیوی
آلندورنت,ضد پوکی استخوان,درمان پوکی استخوان استئوپورز در سن یائسگی بیماری پاژه استخوانی بیماری شبیه دوره سالمندی استخوان دچار تغییرات در میزان مواد معدنی می شوند .
امپرازول,ضد ترشح اسید معده,در درمان زخم معده یا افزایش ترشح اسید معده ترش کردن زخم روده
کاپتوپریل,کنترل فشار خون و گشاد کننده عروق,فشار خون نارسایی قلب اختلال عملکرد بطن چپ قلب ضایعات کلیوی دیابت قندی
فلوکستین,ضد افسردگی ضد وسواس,در افسردگی پر خوری عصبی اختلالات خلقی قبل از قاعدگی و حملات ترس
رانیتیدین,ضد زخم معده,زخمی معده و دوازدهه برگشت مواد اسید معده به مری زخم مری
برتیلیوم توسیلات,درمان آریتمی قلب,بی نظمیی ریتم قلبی به ویژه نوع بطنی تاکیکاردی بطنی فیبریلاسیون بطنی در احیاء قلب و ریه نوع پیشرفته
دی هیدروارگوتامین,تنگ کننده عروق محیطی ضد درد,سردردی حمله ای میگرنی سردرد خوشه ای و سردردی مزمن
یوهیمبین,ضد ناتوانی جنسی مردان,درمان ناتوانی جنسی ناشی از اختلال نعوظ در مردان البته هنوز که سازمان مجوز دهنده دارو و غذا در آمریکا است مجوز مصرف آن را نداده است .
اسمولول,ضد آریتمی قلب,درمان آریتمی بطنیدر تاکیکاردی بالای بطن
تیمولول چشمی,ضد آب سیاه چشم,برای کاهش فشار داخل کره چشم
پروپرانولول,ضد فشار خون ضد میگرن,فشار خون بی نظمی ریتم قلبی درمان درد قلبی پیشگیری سردرد عروقی
بتاکسلول,ضد آب سیاه گلوکوم,افزایش فشار داخلی کره چشم و فشار بالای داخل چشمی
ایزو کربوکسازید,ضد افسردگی,افسردگی در کودکان بیش فعال بی توجه و بیماری وسواس و اختلالات پانیک دردی مزمن و میگرن
یدید اکوتیوفات,ضد گلوکومآب سیاه چشم,گلوکوم زاویه باز مزمن یا گلوکوم ناشی از عمل جراحی کاتاراکت آب مروارید اقدامات تشخیصی چشم پزشکی تشخیص ازوتروپی تطابقی
فاموتیدین,ضد زخم معده,در زخم معده و روده جلوگیری از عود زخم و جلوگیری از برگشت مواد غذایی یا اسید از معده به مری
برینزولامید چشمی,ضد آب سیاه چشم,کاهش فشار کره چشم
ادروفونیوم,ضد مسمومیت داروهای بلوک عصبی غیر دپلاریزان,برای تشخیص بیماری میاستنی گراویس و بررسی نتایج درمانی در میانستنی کاربرد دارد .
فلوراید,پیشگیری از پوسیدگی دندان,پیشگیری از پوسیدگی دندان به ویژه در آّ شامیدنی مناطقی که فلوراید آن کمتر از 0.7 باشد . در درمان پوکی استخوان هم کاربرد دارد .
مولتی ویتامین,مکمل غذایی,این دارو حاوی ویتامینی 12612 و نیکوتینیک اسید ویتامین کلسیم و بیوتین است .
هپارین سدیم,ضد انعقاد,پروفیلاکسی پیشگیری و درمان لختهی وریدی عمقی به ویژه در اندامی تحتانی درمان آنژین قلبی ناپایدار و درمان کمکی در انفارکتوس میوکارد تشخیص و درمان انعقاد منتشر داخل عروقی
کلسیم دبسیلات,درمان اختلالات عروق,اختلال عروق و نارسایی عروق ضایعات شبکیه چشم ادم اندام
آلومینیوم هیدرواکساید,آنتی اسید,آنتی اسید کنترل اسید کنترل و کاهش اسیدیتی معده و افزایش فسفات خون در نارسایی کلیه
بوتولینومتوکسین - آ,شل کننده عضلانی,استرابیسم چشم بلفارو اسپاسم کمر درد گرفتگی اسپاسم عضلات ضایعات فلج مغزی و فلج اطفال
آدنوزین,ضد آریتمی داروی کمک تشخیصی,حملات تاکیکاردی قلبی
لامی وودین,ضد ویروس,در درمان عفونت ویروسی علیه هپاتیت و
آسیکلوویر,ضد ویروس,ضایعات تبخال ناشی از ویروس هرپس عفونتی اولیه و عود کنندهی جلدی در پوست و چشم زونا و آبله مرغان
گانسیکلوویر,ضد ویروس,عفونت چشمی با سیتومگال ویروس -در ایدر و پنومونی اسنفالیت نوع خاص با ضعف ایمنی کاربرد دارد .
آمیل نیتریت,ضد مسمومیت با سیانیدها و گشاد کننده عروق,درد قلبی آنژین صدری و درمان مسمویت با سیانیدها
ایزوسورباید منو نیترات,ضد آنژین قلبی,در درمان طولانی مدت آنژین قلبی نارسایی احتقانی قلب
نیتروگلیسیرین,ضد درد قلبی ضد فشار خون,در درمان و پیشگیری از دردی قلبی آنژین قلبی در نارسایی مزمن قلب آنفارکتوس حاد میوکارد اسپاسم منتشر ریه فشار خون حاملگی
ایزوسورباید دی نیترات,ضد درد قلبی,در درمان آنژِین قلبی پیشگیری از دردی قلبی و مهار حملات دردی قلب . درد قلبی نارسایی قلبی بیماریی عروق محیطی و اسپاسم مری
مترونیدازول,ضد باکتری ضد آمیب,عفونتی میکروبی بی هوازی اسهال خونی اندوکاردیت عفونت شکمی
ایفوزامید,ضد سرطان,ضد سرطانی بیضه ریه تخمدان پستان معده و ضایعات بدخیم خونی
نیتروفورازون,آنتی بیوتیک موضعی,عفونتی سطحی پوست سوختگی
نیتروفورانتوئین,آنتی بیوتیک,عفونتی ادراری
فورازولیدون,ضد باکتری ضد اسهال,اسهال ناشی از عوامل باکتریال و پروتوزوئری اسهال ناشی از ژیاردیا اسهال مسافرتی سالمونلوز آلودگی با میکروب سالمونلا
ایزوفلوران,داروی بیهوشی,بیهوشی عمومی یا سرپایی و در تشنجی که به هیچ درمان داروی پاسخ نمیدهد کاربرد دارد .
پروژسترون,استروئید,هورمون درمانی در زمان یائسگی اختلالات هورمونی که باعث قطع یا عدم قاعدگی شوند خونریزی بدون علت رحمی درمان نارسایی جسم زرد تخمدانی
کنتراسپتیوها,پیشگیری از بارداری,پیشگیری از بارداری جلوگیری بارداری پس از مقاربت فوری درمان قاعده نشدنامنوره پرموییهیرسوتیسم درد قاعدگی خونریزی بیش از حد و خونریزی غیر معمول رحمی
کورتیکوتروپین,هورمون هیپوفیز قدامی,تست تشخیصی نارسایی غده آدرنال درمان حمله حاد اسکلروز مولتیپل تشنج میوکلونیک کودکان سرکوب ایمنی و درمان التهاب
تستوسترون,آندروژن ضد ناتوانی جنسی,مشکلات کمبود ناشی از عملکرد غدد جنسی مردان بلوغ دیررس در پسران درمان سرطان پیشرفته پستان در خانم درمان کم خونی
آمینو گلوتتیماید,ضد سرطان ضد غده آدرنال,افزایش هورمون یا پرکاری غده فوق کلیوی در درمان فرعی سرطان پستان و سرطان پروستات در مردان و مهار عمرکرد این غده در بیماری کوشینگ
لیوتیرونین سدیم,هورمون تیروئیدی,کم کاری تیروئیدهپوتیروئید گواتر ساده غیر سمی
استرادیول والرات,استروژن جایگزین,درمان علائم و نشانهی متوسط تا شدید عروقی و هورمونی ناشی از یائسگی یا کمبود استروژن به دلیل برداشتن تخمدان یا هیپوکنادیسم سرطان پروستات
لووتیروکسین,هورمون تیروئید و ضد سرطان,در درمان کم کاری تیروئید کومامیکزودم
فلوتامید,ضد نئوپلاسم,کارسینوم پروستات پر مویی غیر طبیعی هیرسوتیسم
استراموستین,استرادیول و نیتروژن موستارد,ضد سرطان پروستات و سرطانی متاستاتیک که به جاهای مختلف پخش شده اند .
داینسترول,استروژن ساختگی,درمان عوارض یائسگی در دستگاه تناسلی زنان آتروفی واژن
گلوکاگون,ضد هیپوگلیسمی,کاهش شدید قند خون به ویژه ناشی از مصرف انسولین و موارد تشخیصی
فسفسترول,ضد سرطان,درمان سرطان پستان جانشین استروژن
انسولین,ضد دیابت قندی,کنترل دیابت قندی کتواسیدوز دیابتی دیابت ناشی از حاملگی
لاینسترنول,پروژستین,جلوگیری از بار داری و درمان اختلالات عادت ماهانه
تاموکسیفین,ضد استروژن ضد سرطان,سرطان پستان سرطان تخمدان
دزموپرسین,ضد ادرار ضد خونریزی,دیابت بی مزه با مشکل مغزی شب ادراری
دی اتیل اسیل بسترول,ضد نئوپلاسم ضد سرطان,درمان سرطانی پیشرفته پروستات و پستان و جلوگیری از حاملگی بعد از نزدیکی
اکسی توکسین,ضد شلی رحمی عامل انقباظات رحمی,جهت تحریک انقباضات رحمی برای پیشگیری از خونریزی بعد از زایمان و تحریک ترشح شیر
دانازول,تستوسترون,بیماری اندومتریوز رحم زنان بیماری فیبروکیستیک پستان
گونادورلین,هورمون,درمان عقیمی و کم کاری هیپوفیز عدم قاعدگی آمنوره تشخیص کم کاری غدد جنسی
اریتروپوئیتین,درمان کم خونی,کم خونی ناشی از نارسایی مزمن کلیه کم خونی در بیماریی که تحت درمان با زیدوودین قرار گرفته اند یا بیماران دچار توموری بدخیم
دانترولن,شل کننده عضلات مخطط,در بیهوشی هیپرترمی بدخیم اسپاسیتی مزمن
فنی توئین,ضد تشنج,تشنج بی نظمیی رییم قلبی آریتمی تشنج در حاملگی سکسکه مقاوم
لیندان,ضد گال ضد شپش,درمان گال شپش
ب - ث - ژ داخل مثانه,ضد نئوپلاسم,درمان سرطان تومور مثانه و پیشگیری از تومورهای اولیه عود کننده مجاری اداری
ب . ث . ژ,واکسن ضد مایکوباکتریالبیماری سل,برای واکسیناسیون افرادی که با بیماران دچار سل تماس نزدیک داشته اند .
ب - کمپلکس,ب - کمپلکس,درمان یا پیشگیری از کمبود ویتامینی گروه
اسید فولیک,اسید فولیک 6,کمبود اسید فولیک درمان کم خونی
دی هیدروتاکی استرول,ویتامین 3,درمان کمبد کلسیم خون و هیپوفسفاتمی فامیلیال هیپوکلسیمی ناشی از کم کاری پاراتیروئید و استئودیستروفی کلیوی در اورمی مزمن نارسایی کلیه و بیماری ریکتز کمبود ویتامین
فلودارابین,ضد سرطان,سرطانی لنفوم غیر هوچکینی و لوسمی و هوچکین
لیتیوم کربنات,ضد مانیا,کنترل و پیشگیری از حملات مانیا افسردگی در بیماران دوقطبی اختلالات وسواسی بی اشتهایی عصبی اختلالات روانی بعد از زایمان
بنزوئیل پراکساید,ضد آکنه - ضد باکتری,ضد جوش آکنه در سر و صورت درمان ضخمی بستر یا زخمی ناحیه واریس پا
کل تار,ضد شوره سر ضدسبوره,درمان پسوریازیس دفع خارش پوستی اگزما التهاب پوستی
کرومولین سدیم,ضد آسم و آلرژی,پیشگیری از علائم آسم علائم آلرژی تنگی مجاری بزرگ هوایی
هیدروکسی کلروکین سولفات,ضد مالاریا و ضد رماتیسم,در دمان و پیشگیری انواع مالاریا و رماتیسم مفصلی لوپوس اریتماتو
کلسیم - د,مکمل غذایی,کمبود کلسیم استئوپورز پوکی استخوان کمبود شدید کلسیم و ویتامین ریکتز
فیبا,فاکتور ضد خونریزی,ضد خونریزی
بتامتازون چشمی - گوشی,ضد التهاب,التهاب قرینیه چشم التهاب ملتحمه ضایعات آلژیک چشم التهاب گوش خارجی
بتامتازون - ان,ضد التهاب,بیماری التهابی غیر عفونی چشم یا مجاری خارجی گوش
کلوبتازول,ضد التهاب موضعی,ضایعات پوستی بیماریی التهابی پوست خارش موضعی
بکلومتازون,ضد التهاب ضد آسم,آسم اسپاسم مجاری هوایی به صورت مزمن مثل برونشیت عود پولیپ بینی بعد از جراحی آلرژی فصلی
پردنیزولون,ضد التهاب,التهاب موضعی و موارد بیماریی رماتیسمی
تریامسینولون,ضد التهاب مهار ایمنی,التهاب مفصلی تزریق داخل وریدی
فلودروکورتیزون,جایگزین منیرالوکورتیکوئید,نارسایی مزمن غده فوق کلیه و بیماری آدرنوژنیتال و کاهش فشار خون وابسته به وضعیت
بتانکول,محرک دستگاه ادراری و گوارش,احتباس ادراری و در ضایعه برگشت ترشحات معده به مریریفلاکس
کومارین,ضد انعقادی,ادم و تورم لنفاوی در بیماریی فیلاریازیس و پس از عمل جراحی برداشتن پستان ماستکتومی
نالیدیک اسید,آنتی بیوتیک,عفونت ادراری
یدوکینول,ضد آمیب روده ای,آلودگی به آمیبی روده ای
قرص سرماخوردگی بزرگسالاناستامینوفن . کلروفنیرامین ملات . فنیل افرین هیدروکلراید,-,به طور موقت علائم سرماخوردگی و آنفولانزا را تسکین می دهد
ایمیپنیم,انتی باکتریال,برای درمان عفونتهای دستگاه تنفسی تحتانی ناشی از سویهی مستعد استافیلوکوکوس اورئوس ایزولهی تولید کننده پنی سیلیناز ، گونهی اسینتوباکتر ، گونهی انتروباکتر ، اشرشیا کولی ، هموفیلیوس آنفلوانزا ، گونهی کلبسیلا .
مرپنم,انتی باکتریال,برای تزریق برای درمان عفونتی پیچیده و پوستی به دلیل استافیلوکوکوس اورئوس ، استرپتوکوک پیوژنز ، استرپتوکوک آگالاکتیا ، گروه ویریدان استرپتوکوکی ، انتروکوکوس فکالیس حساس به وانکومایسینسین
سفیکسیم,انتی باکتریال,در درمان بزرگسالان و کودکان شش ماهه یا بالاتر با عفونتی ادراری .
سفیکسیم,انتی باکتریال,در درمان بزرگسالان و کودکان شش ماهه یا بالاتر با عفونتی ادراری .
سفازولین,انتی باکتریال,پنومونی ، گونهی کلبسیلا ، هموفیلوس آنفلوانزا ، استافیلوکوکوس اورئوس حساس به پنی سیلین و مقاوم به پنی سیلین و استرپتوکوکهای بتا همولیتیک گروه .
سفالکسین,انتی باکتریال,سفالکسین برای درمان عفونتی ناشی از باکتری از جمله عفونتی تنفسی فوقانی ، عفونت گوش ، عفونتی پوستی ، عفونتی ادراری و عفونتی استخوانی استفاده می شود .
سفالکسین,انتی باکتریال,سفالکسین برای درمان عفونتی ناشی از باکتری از جمله عفونتی تنفسی فوقانی ، عفونت گوش ، عفونتی پوستی ، عفونتی ادراری و عفونتی استخوانی استفاده می شود .
سفتریکسون,انتی باکتریال,این دارو حاوی سفتریاکسون است . در صورتی که به سفتریاکسون یا مواد تشکیل دهنده موجود در این دارو حساسیت داریدمصرف نکنید .
سفوتاکسیم,سفالوسپورین,برای درمان یا جلوگیری از عفونتی باکتریایی استفاده می شود .
ازیترومایسین,انتی باکتریال,آزیترومایسین یک داروی ضد باکتریایی ماکرولید است که برای درمان بیماران مبتلا به عفونت خفیف تا متوسط ​​ناشی از سویهی مستعد میکروارگانیسمی تعیین شده نشان داده شده است .
ازیترومایسین,انتی باکتریال,آزیترومایسین برای تزریق یک داروی ضد باکتری ماکرولید است که برای معالجه بیماران مبتلا به عفونت ناشی از سویهی مستعد میکروارگانیسمی تعیین شده مانندمایکوپلاسما پنومونیه ، استافیلوکوکوس اورئوس یا استرپتوکوک پنومونیه در بیمارانی که به درمان اولیه داخل وریدی نیاز دارند .
ازیترومایسین,انتی باکتریال,آزیترومایسین برای تزریق یک داروی ضد باکتری ماکرولید است که برای معالجه بیماران مبتلا به عفونت ناشی از سویهی مستعد میکروارگانیسمی تعیین شده مانندمایکوپلاسما پنومونیه ، استافیلوکوکوس اورئوس یا استرپتوکوک پنومونیه در بیمارانی که به درمان اولیه داخل وریدی نیاز دارند .
آزیترومایسین,انتی باکتریال,آزیترومایسین یک داروی ضد باکتریایی ماکرولید است که برای درمان بیماران مبتلا به عفونت خفیف تا متوسط ​​ناشی از سویهی مستعد از میکروارگانیسمی تعیین شده بکارمیرود .
جنتامایسین,انتی باکتری,برای کاهش رشد باکتریهای مقاوم در برابر دارو و حفظ اثربخشی جنتامایسین تزریق ، سایر داروهای ضد باکتریایی ، جنتامایسین تزریق باید فقط برای درمان یا جلوگیری از عفونتیی که اثبات شده یا به شدت مشکوک هستند از باکتریهای مستعد ایجاد شود .
آمیکاسین,آنتی باکتریال,در بزرگسالان ، که گزینهی درمانی محدود و یا جایگزینی ندارند ، برای درمان بیماری ریه به عنوان بخشی از رژیم ترکیبی داروهای ضد باکتریایی در بیمارانی که بعد از حداقل 6 ماه متوالی کشت هنوز مثبت است مورد استفاده قرار می گیرد . چون اثربخشی بالینی محدود برای در حال حاضر در دسترس هستند ، را برای استفاده در بزرگسالانی که گزینهی درمانی محدودی دارند یا گزینه جایگزینی ندارند ، مورد استفاده قرار می گیرد . این دارو برای استفاده در یک جمعیت محدود و خاص از بیماران مشخص شده است .
سیپروفلوکساسین,انتی بیوتیک و اثر روی باکتری گرم مثبت و منفی,سیپروفلوکساسین برای درمان عفونتهای پیچیده مجاری ادراری و پیلونفریت ناشی از اشرشیا کولای استفاده می شود .
سیپروفلوکساسین,انتی بیوتیک و اثر روی باکتری گرم مثبت و منفی,سیپروفلوکساسین برای درمان عفونتهای پیچیده مجاری ادراری و پیلونفریت ناشی از اشرشیا کولای استفاده می شود .
لوفلوکساسین,500 میلی گرم در 20 میلی لیتر,دوز معمول قرص لووفلوکساسین 250 میلی گرم یا 500 میلی گرم به صورت خوراکی در هر 24 ساعت انجام می شوددوز معمول تزریق لووفلوکساسین 250 میلی گرم یا 500 میلی گرم است که طی 60 دقیقه هر 24 ساعت از طریق تزریق کند انجام می شود و یا 750 میلی گرم از طریق تزریق آهسته بیش از 90 دقیقه هر 24 ساعت انجام می شود .
لوفلوکساسین,500 میلی گرم در 20 میلی لیتر,دوز معمول قرص لووفلوکساسین 250 میلی گرم یا 500 میلی گرم به صورت خوراکی در هر 24 ساعت انجام می شوددوز معمول تزریق لووفلوکساسین 250 میلی گرم یا 500 میلی گرم است که طی 60 دقیقه هر 24 ساعت از طریق تزریق کند انجام می شود و یا 750 میلی گرم از طریق تزریق آهسته بیش از 90 دقیقه هر 24 ساعت انجام می شود .
اسیکلوویر,انتی ویروس,عفونتهای تبخال ساده
ونکومایسین,انتی باکتریال,برای انتروکولیت ناشی از استافیلوکوکوس اورئوس از جمله سویهی مقاوم به متی سیلین
رزاوستاتین,قلبی عروقی,هایپرتریگلیسیریدمی : قرصی روزوواستاتین به عنوان درمان کمکی برای رژیم غذایی برای درمان بیماران بزرگسال مبتلا بهیپرتریگلیسیریدمی معرفی شده است . اولیه نوع : قرصی روزوواستاتین به عنوان یک مکمل رژیم غذایی برای درمان بیماران بزرگسال مبتلا به اولیه نوع معرفی شده است . بیماران بزرگسال مبتلا بهیپرکلسترول خانوادگی هموزیگوت : قرصی روزوواستاتین به عنوان درمان کمکی برای سایر درمانی کاهش دهنده چربی به عنوان مثال ، دیافراگم یا به تنهایی درصورتی که چنین درمانی برای کاهش - ، - و در بیماران بزرگسال مبتلا به هموزیگوس وجود ندارد ، نشان داده شده است .
اتورواستاتین,قلبی عروقی,آتورواستاتین برای درمان انواع مختلف دیس لیپیدمی ، از جملهیپرلیپیدمی اولیه و دیس لیپیدمی مختلط در بزرگسالان ، یپرتری گلیسیریدمی ، دیس بتیلیپوپروتئینمی اولیه ، یپر کلسترول خانوادگی هموزیگوت و هیپر کلسترول خانوادگی هتروزیگوت در بزرگسالان که با اصلاح رژیم غذایی ناموفق شناخته شده است . مقادیرغیر طبیعی چربی خون نشان دهنده نمایی از کلسترول پلاسما ، تری گلیسیرید یا هر دو به عنوان لیپوپروتئین با چگالی بالا است . این بیماری خطر بالاتری برای گسترش آترواسکلروز ایجاد می کند . اتورواستاتین ، همراه با اصلاحات رژیم غذایی ، برای جلوگیری از وقایع قلبی عروقی در بیماران با فاکتورهای خطر قلبی و یا پروفایلهای چربی غیر طبیعی شناخته شده است . آتورواستاتین می تواند به عنوان یک عامل پیشگیرانه برای انفارکتوس میوکارد غیر کشنده ، سکتهی کشنده و غیر کشنده ، روشهای تجدید عروق ، بستری در نارسایی احتقانی قلب و آنژین در بیماران مبتلا به بیماری عروق کرونر قلب استفاده شود . تجویز داروهای استاتین به دنبال هرگونه حوادث قلبی عروقی و برای افرادی که دارای خطر متوسط ​​تا زیاد از ابتلا به هستند ، یک روش استاندارد محسوب می شود . شرایط حاوی استاتین شامل دیابت قندی ، آترواسکلروز بالینی از جمله انفارکتوس میوکارد ، سندرم حاد عروق کرونر ، آنژین پایدار ، بیماری عروق کرونر مستند ، سکته مغزی ، حمله ایسکمیک ترانس ، بیماری کاروتید مستند ، بیماری شریان محیطی و گرفتگی ، آئورت شکمی آنوریسم ، بیماری مزمن کلیه و سطح - است .
بیزوپرولول,قلبی عروقی,بیزوپرولول با یا بدون داروهای دیگر برای درمان فشار خون بالا فشار خون بالا استفاده می شود . کاهش فشار خون بالا به جلوگیری از سکته مغزی ، حمله قلبی و مشکلات کلیوی کمک می کند . این دارو متعلق به یک دسته از داروهای شناخته شده به عنوان بتا بلاکر است . این کار با مسدود کردن عملکرد برخی مواد شیمیایی طبیعی در بدن شما مانند اپی نفرین روی قلب و رگی خونی کار می کند . این اثر ضربان قلب ، فشار خون و فشار بر قلب را کاهش می دهد .
کاپتوپریل,قلبی عروقی,فشار خون بالا : قرص کاپتوپریل برای درمان فشار خون بالا مورد استفاده قرار می گیرد . در استفاده از کاپتوپریل ، به خطر نوتروپنی آگرانولوسیتوز باید توجه داشته باشید . کاپتوپریل ممکن است به عنوان درمان اولیه برای بیمارانی که عملکرد کلیوی طبیعی دارند ، مورد استفاده قرار بگیرد . در بیماران دارای اختلال در عملکرد کلیه ، به ویژه بیماران مبتلا به بیماری عروقی کلاژن ، کاپتوپریل باید برای فشارخونیی که یا عوارض غیرقابل قبول دیگری بر روی سایر داروهای ایجاد کرده اند یا در پاسخ به رضایت بخشی به ترکیبات دارو نتوانسته اند پاسخ دهند پیگیری شود .. کاپتوپریل به تنهایی و همراه با سایر داروهای ضد فشار خون ، به ویژه دیورتیکی نوع تیازید مؤثر است . اثرات کاهش فشار خون کاپتوپریل و تیازیدها تقریباً مواد افزودنی هستند . نارسایی قلبی : قرص کاپتوپریل برای درمان نارسایی احتقانی قلب معمولاً در ترکیب با دیورتیک و دیجیتال تعیین شده اند . تأثیر مفید کاپتوپریل در نارسایی قلبی نیازی به وجود دیجیتالی ندارد ، اما بیشترین آزمایش کارآزمایی بالینی با کاپتوپریل در بیمارانی که دیجیتال دریافت می کنند و همچنین داروی دیورتیک بوده است . اختلال عملکرد بطن چپ بعد از انفارکتوس میوکارد : قرص کاپتوپریل برای بهبود بقا پس از انفارکتوس میوکارد در بیماران با اختلال عملکرد بطن چپ مورد استفاده قرار می گیرد . نفروپاتی دیابتی : قرص کاپتوپریل برای درمان نفروپاتی دیابتی پروتئینوری> 500 میلی گرم در روز در بیماران مبتلا به دیابت وابسته به انسولین نوع 1 و رتینوپاتی می باشد . قرص کاپتوپریل سرعت پیشرفت نارسایی کلیوی و ایجاد پیامدهای بالینی منفی را کاهش می دهد مرگ یا نیاز به پیوند کلیه یا دیالیز . در مورد استفاده از قرص کاپتوپریل ، لازم به ذکر است که در آزمایشات نشان داده که اثر مهارکنندگیی بر فشار خون که در بیماران سیاه پوست کمتر از افراد غیر سیاه پوست است .
کاپتوپریل,قلبی عروقی,فشار خون بالا : قرص کاپتوپریل برای درمان فشار خون بالا مورد استفاده قرار می گیرد . در استفاده از کاپتوپریل ، به خطر نوتروپنی آگرانولوسیتوز باید توجه داشته باشید . کاپتوپریل ممکن است به عنوان درمان اولیه برای بیمارانی که عملکرد کلیوی طبیعی دارند ، مورد استفاده قرار بگیرد . در بیماران دارای اختلال در عملکرد کلیه ، به ویژه بیماران مبتلا به بیماری عروقی کلاژن ، کاپتوپریل باید برای فشارخونیی که یا عوارض غیرقابل قبول دیگری بر روی سایر داروهای ایجاد کرده اند یا در پاسخ به رضایت بخشی به ترکیبات دارو نتوانسته اند پاسخ دهند پیگیری شود .. کاپتوپریل به تنهایی و همراه با سایر داروهای ضد فشار خون ، به ویژه دیورتیکی نوع تیازید مؤثر است . اثرات کاهش فشار خون کاپتوپریل و تیازیدها تقریباً مواد افزودنی هستند . نارسایی قلبی : قرص کاپتوپریل برای درمان نارسایی احتقانی قلب معمولاً در ترکیب با دیورتیک و دیجیتال تعیین شده اند . تأثیر مفید کاپتوپریل در نارسایی قلبی نیازی به وجود دیجیتالی ندارد ، اما بیشترین آزمایش کارآزمایی بالینی با کاپتوپریل در بیمارانی که دیجیتال دریافت می کنند و همچنین داروی دیورتیک بوده است . اختلال عملکرد بطن چپ بعد از انفارکتوس میوکارد : قرص کاپتوپریل برای بهبود بقا پس از انفارکتوس میوکارد در بیماران با اختلال عملکرد بطن چپ مورد استفاده قرار می گیرد . نفروپاتی دیابتی : قرص کاپتوپریل برای درمان نفروپاتی دیابتی پروتئینوری> 500 میلی گرم در روز در بیماران مبتلا به دیابت وابسته به انسولین نوع 1 و رتینوپاتی می باشد . قرص کاپتوپریل سرعت پیشرفت نارسایی کلیوی و ایجاد پیامدهای بالینی منفی را کاهش می دهد مرگ یا نیاز به پیوند کلیه یا دیالیز . در مورد استفاده از قرص کاپتوپریل ، لازم به ذکر است که در آزمایشات نشان داده که اثر مهارکنندگیی بر فشار خون که در بیماران سیاه پوست کمتر از افراد غیر سیاه پوست است .
هیوسین ان بوتیل بروماید,دستگاه گوارش,برای درمان بزاق بیش از حدسیالوره ، درد شکمی کولیکی ، برادیکاردی ، دیورتیکولیت ، سندروم روده تحریک پذیر و بیماریی حرکتی
اپرپیتنت,دستگاه گوارش,برای پیشگیری از حالت تهوع و استفراغ شدید و یا کم که همراه با شیمی درمانی در بزرگسالان و نوجوانان بالای 12 سالاپرپیتنت 125 و 80 میلی گرم برای بخشی از درمان ترکیبی استفاده میشود
پنتوپرازول,دستگاه گوارش,پنتوپرازول برای استفاده در بزرگسالان و نوجوانان بالاتر از 12 سال استفاده می شودبرای رفلاکس مری التهابات مری بعد از اندوسکوپیپنتوپرازول برای بزرگسالان استفاده می شوداز بین بردن هلیکوباکتری معده . در ترکیب اختصاصی با درمان آنتی بیوتیکی بیماران با . زخم اثنی عشر و زخم معدهسندرم زولینگر الیسون و فشار خون پاتولوژیک
پنتوپرازول,دستگاه گوارش,پنتوپرازول برای استفاده در بزرگسالان و نوجوانان بالاتر از 12 سال استفاده می شودبرای رفلاکس مری التهابات مری بعد از اندوسکوپیپنتوپرازول برای بزرگسالان استفاده می شوداز بین بردن هلیکوباکتری معده . در ترکیب اختصاصی با درمان آنتی بیوتیکی بیماران با . زخم اثنی عشر و زخم معدهسندرم زولینگر الیسون و فشار خون پاتولوژیک
اندانسترون,دستگاه گوارش,اندانسترون خوراکی در بیماران بالغ برای از بین بردن استفراغ و حالت تهوع شیمی درمانی با دوز بالای سیس پلاتین بزرگتر مساوی 50 میلی گرم و پرتو درمانی و یا حالت تهوع و استفراغ بعد از عمل جراحی تجویز می شود . اندانسترون تزریقی تزریق وریدی برای جلوگیری از حال تهوع و استفراغ ایجاد شده در اثر شیمی درمانی با دوز بالای سیس پلاتین برگتر مساوی 50 میلی گرم و یا بعد از عمل جراحی تجویز می شود . اندانسترون نباید برای هرگروه سنی از کودکان بیمار که دارای حالت تهوع و استفراغ بعد از عمل جراحی هستند تجویز شود . در بیماران سالمندی کمتر از 65 سال اثربخشی و تحمل پذیری اندانسترون در درمان حالت تهوع و استفراغ بعد از شیمی درمانی و پرتو درمانی مانند افراد جوان است . مطالعات بالینی کمی درباره درمان با اندانسترون در افراد سالمند وجود دارد و برای آن پیشنهاد نمی شود .
اندانسترون,دستگاه گوارش,اندانسترون خوراکی در بیماران بالغ برای از بین بردن استفراغ و حالت تهوع شیمی درمانی با دوز بالای سیس پلاتین بزرگتر مساوی 50 میلی گرم و پرتو درمانی و یا حالت تهوع و استفراغ بعد از عمل جراحی تجویز می شود . اندانسترون تزریقی تزریق وریدی برای جلوگیری از حال تهوع و استفراغ ایجاد شده در اثر شیمی درمانی با دوز بالای سیس پلاتین برگتر مساوی 50 میلی گرم و یا بعد از عمل جراحی تجویز می شود . اندانسترون نباید برای هرگروه سنی از کودکان بیمار که دارای حالت تهوع و استفراغ بعد از عمل جراحی هستند تجویز شود . در بیماران سالمندی کمتر از 65 سال اثربخشی و تحمل پذیری اندانسترون در درمان حالت تهوع و استفراغ بعد از شیمی درمانی و پرتو درمانی مانند افراد جوان است . مطالعات بالینی کمی درباره درمان با اندانسترون در افراد سالمند وجود دارد و برای آن پیشنهاد نمی شود .
اندانسترون,دستگاه گوارش,اندانسترون خوراکی در بیماران بالغ برای از بین بردن استفراغ و حالت تهوع شیمی درمانی با دوز بالای سیس پلاتین بزرگتر مساوی 50 میلی گرم و پرتو درمانی و یا حالت تهوع و استفراغ بعد از عمل جراحی تجویز می شود . اندانسترون تزریقی تزریق وریدی برای جلوگیری از حال تهوع و استفراغ ایجاد شده در اثر شیمی درمانی با دوز بالای سیس پلاتین برگتر مساوی 50 میلی گرم و یا بعد از عمل جراحی تجویز می شود . اندانسترون نباید برای هرگروه سنی از کودکان بیمار که دارای حالت تهوع و استفراغ بعد از عمل جراحی هستند تجویز شود . در بیماران سالمندی کمتر از 65 سال اثربخشی و تحمل پذیری اندانسترون در درمان حالت تهوع و استفراغ بعد از شیمی درمانی و پرتو درمانی مانند افراد جوان است . مطالعات بالینی کمی درباره درمان با اندانسترون در افراد سالمند وجود دارد و برای آن پیشنهاد نمی شود .
امپرازول,گوارش,بزرگسالان : درمان زخم اثنی عشرجلوگیری از بازگشت زخم اثنی عشردرمان زخم معدهجلوگیری از بازگشت زخم معدههمراه با آنتی بیوتیک مناسب برای درمان هلیکوباکتر در بیماران دارای زخم معدهدرمان با داروهای ضد التهابی مربوط به زخم معده و اثنی عشرجلوگیری با داروهای ضد التهابات شکمی مربوط به بیماران با زخم معده و اثنی عشر در معرض خطردرمان رفلاکس ناشی از التهاب مریمدیریت طولانی مدت بیمار با التیام رفلاکس ناشی از التهاب مریدرمان نشانهی بیماری رفلاکس معده و رودهدرمان سندروم -
هیوسین ان بوتیل بروماید,دستگاه گوارش,برای درمان بزاق بیش از حدسیالوره ، درد شکمی کولیکی ، برادیکاردی ، دیورتیکولیت ، سندروم روده تحریک پذیر و بیماریی حرکتی
بتامتازون,کورتیکواستروئیدها,حالات آلرژیک ، بیماریهای پوستی . اختلالات غدد درون ریز ، بیماریی دستگاه گوارش ، اختلالات خونریزی ، بیماریی دیگر ، نئوپلاستیک ، سیستم عصبی ، بیماریی چشمی ، بیماریی کلیوی ، بیماریی تنفسی ، روماتیسمی
بتامتازون,کورتیکواستروئیدها,حالات آلرژیک ، بیماریهای پوستی . اختلالات غدد درون ریز ، بیماریی دستگاه گوارش ، اختلالات خونریزی ، بیماریی دیگر ، نئوپلاستیک ، سیستم عصبی ، بیماریی چشمی ، بیماریی کلیوی ، بیماریی تنفسی ، روماتیسمی
متیل پردنیزولون استات,کورتیکواستروئیدها,متیل پردنیزولون یک داروی کورتیکواستروئیدی است که مانع از انتشار موادی که باعث التهاب می شود ، می گردد . متیل پردنیزولون برای درمان بسیاری از شرایط التهابی مختلف مانند آرتریت ، لوپوس ، پسوریازیس ، کولیت اولسراتیو ، اختلالات آلرژیک ، اختلالات غده غدد درون ریز و شرایطی که بر روی پوست ، چشم ، ریه ، معده ، سیستم عصبی یا سلولی خونی تأثیر می گذارد ، استفاده می شود .
تریامسینولون,کورتیکواستروئیدها,متعلق به طبقه ای از داروها به نام کورتیکواستروئیدها است . از انتشار مواد در بدن که باعث التهاب می شوند جلوگیری می کند . تریامسینولون خوراکی از طریق دهان برای درمان بسیاری از شرایط مختلف مانند اختلالات آلرژیک ، شرایط پوستی ، کولیت اولسراتیو ، آرتروز ، لوپوس ، پسوریازیس یا اختلالات تنفسی استفاده می شود
هیدروکورتیزون سدیم,کورتیکواستروئیدها,حالات آلرژیک ، بیماریی پوستی ، اختلالات غدد درون ریز ، بیماریی دستگاه گوارش ، اختلالات هماتولوژیک ، سایر موارد ، بیماریهای نئوپلاستیک ، سیستم عصبی ، بیماریی چشمی ، بیماریی کلیوی ، بیماریی تنفسی ، روماتیسمی
متیل پردنیزولون سدیم سوکسینات,کورتیکواستروئیدها,حالات آلرژیک ، بیماریهای پوستی ، بیماریهای غدد درون ریز ، اختلالات غدد درون ریز ، بیماریهای دستگاه گوارش ، اختلالات خونریزی ، متفرقه ، بیماریهای نئوپلاستیک ، سیستم عصبی ، بیماریهای چشمی ، بیماریهای کلیوی ، بیماریهای تنفسی ، اختلالات روماتیسمی
دکسترومتورفان,سرکوب کنندهی سرفه,دکسترومتورفان یک سرکوب کننده سرفه است . این سیگنالها در مغز که باعث رفلکس سرفه می شوند ، تأثیر می گذارد .
کتوتیفن,آنتی هیستامین,کتوتیفن نوعی از داروهای آسم است که هر روز در صورت مصرف آن و همراه با سایر داروهای ضد آسم ، ممکن است باعث کاهش دفعات ، شدت و مدت علائم آسم یا حملات در کودکان شود . همچنین ممکن است منجر به کاهش نیاز روزانه سایر داروهای ضد آسم شود . کوتوتیفن برای پیشگیری یا درمان حملات حاد آسم مؤثر نیست . کتوتیفن با مهار برخی از مواد در بدن که به عنوان التهاب و علائم آسم شناخته می شود ، کار می کند .
دیفن هیدرامین کامپاند,آنتی هیستامین,دیفن هیدرامین یک آنتی هیستامین گیرنده 1 نسل اول است که به طور گسترده برای درمان آلرژیی فصلی ، نیش حشرات و نیش و بثورات مورد استفاده قرار می گیرد . با این حال ، همچنین دارای خاصیت ضد میکروبی ، ضد درد ، هیپنوتیزم و ضدپارکینسون است . همانطور که گیرندهی هیستامین هم در محیط و هم در سیستم عصبی مرکزی وجود دارد ، نشان داده می شود که دیفن هیدرامین به دلیل آنتاگونیسم رقابتی گیرندهی هیستامین 1 در سیستم عصبی مرکزی باعث آرام بخشی می شود . در حالی که استفاده از آن در آلرژی درمانی ممکن است بعلت تأثیر آرام بخش کننده ، بعضاً مطلوب نباشد ، دیفن هیدرامین برای استفاده در بسیاری از داروهای خواب آور بدون نسخه و سرفه و سرماخوردگی که برای شب به بازار عرضه شده است ، مجدداً مورد استفاده قرار گرفته است .
دیفن هیدرامین کامپاند,آنتی هیستامین,این دارو برای سهولت در علائم آلرژی استفاده می شود . برای تسکین سرفه استفاده می شود . از آن برای رقیق شدن خلط استفاده می شود بنابراین با سرفه می توان از بدن خارج شد . برای کمک به بیماری حرکتی استفاده می شود .
هیدروکسی زین,آنتی هیستامین,هیدروکسی زین یک آنتی هیستامین است که اثرات هیستامین شیمیایی طبیعی در بدن را کاهش می دهد . هیستامین می تواند علائم خارش یا کهیر روی پوست ایجاد کند . از هیدروکسیزین ممکن است برای درمان واکنشهای آلرژیک پوستی مانند کهیر یا درماتیت تماسی استفاده شود . از آنجا که هیدروکسیزین باعث کاهش فعالیت در سیستم عصبی مرکزی نیز می شود ، می تواند به عنوان یک آرام بخش در درمان اضطراب و تنش استفاده شود . همچنین به همراه داروهای دیگری که در حین و بعد از بی حسی عمومی داده می شود ، استفاده می شود . از هیدروکسیزین نیز برای درمان واکنشی آلرژیک پوستی مانند کهیر یا درماتیت تماسی استفاده می شود .
فکسوفنادین,آنتی هیستامین,این دارو برای کاهش علائم آلرژی استفاده می شود . برای درمان کهیر استفاده می شود .
ویتامین کمپلکس,ویتامین,در اختلالات نیاز به تجویز به موقع ویتامین ، یعنی درمان قبل و بعد از عمل ، در هنگام افزایش نیازها مانند تب ، سوختگیی شدید ، افزایش متابولیسم ، بارداری ، اختلالات دستگاه گوارش که با مصرف یا جذب ویتامین ، بیماریی طولانی مدت یا هدر رفته ، الکلیسم و جایی که نقایص دیگری وجود دارد .
فروس سولفات,عامل ضد کم خونی,کمبود آهنکم خونی همراه با نارسایی مزمن کلیهمکمل ویتامین مواد معدنی
کلسیم,مکمل,سوءضمه سوءضمه . مقادیر بالای پتاسیم در خونیپرکالمی ، سطح پایین کلسیم در خون هیپوکلسمی . نارسایی کلیه . ریزش استخوان در افرادی که داروهای بنام کورتیکواستروئید مصرف می کنند . پاراتیروئید بیش از حد فعالیپرپاراتیروئیدیسم . استخوانی ضعیف و شکننده پوکی استخوان ، سندرم قبل از قاعدگی
مولتی ویتامین,ویتامین و مواد معدنی,مولتی ویتامین ترکیبی از ویتامینی مختلف است که به طور معمول در غذاها و منابع طبیعی دیگر یافت می شوند . از مولتی ویتامین برای تهیه ویتامینیی استفاده می شود که از طریق رژیم غذایی مصرف نمی شوند . از مولتی ویتامین نیز برای درمان کمبود ویتامین کمبود ویتامین ناشی از بیماری ، بارداری ، تغذیه نامناسب ، اختلالات گوارشی و بسیاری شرایط دیگر استفاده می شود .
ویتامین 12,ویتامین,ویتامین 12 برای رشد ، تولید مثل سلول ، تشکیل خون و سنتز پروتئین و بافت از اهمیت بسیاری برخوردار است . ویتامین 12 برای درمان کمبود ویتامین 12 در مبتلایان به کم خونی خطرناک و سایر شرایط استفاده می شود .
کتوتیفن,آنتی هیستامین,کتوتیفن نوعی از داروهای آسم است که هر روز در صورت مصرف آن و همراه با سایر داروهای ضد آسم ، ممکن است باعث کاهش دفعات ، شدت و مدت علائم آسم یا حملات در کودکان شود . همچنین ممکن است منجر به کاهش نیاز روزانه سایر داروهای ضد آسم شود . کوتوتیفن برای پیشگیری یا درمان حملات حاد آسم مؤثر نیست . کتوتیفن با مهار برخی از مواد در بدن که به عنوان التهاب و علائم آسم شناخته می شود ، کار می کند .
دیفن هیدرامین کامپاند,آنتی هیستامین,دیفن هیدرامین یک آنتی هیستامین گیرنده 1 نسل اول است که به طور گسترده برای درمان آلرژیی فصلی ، نیش حشرات و نیش و بثورات مورد استفاده قرار می گیرد . با این حال ، همچنین دارای خاصیت ضد میکروبی ، ضد درد ، هیپنوتیزم و ضدپارکینسون است . همانطور که گیرندهی هیستامین هم در محیط و هم در سیستم عصبی مرکزی وجود دارد ، نشان داده می شود که دیفن هیدرامین به دلیل آنتاگونیسم رقابتی گیرندهی هیستامین 1 در سیستم عصبی مرکزی باعث آرام بخشی می شود . در حالی که استفاده از آن در آلرژی درمانی ممکن است بعلت تأثیر آرام بخش کننده ، بعضاً مطلوب نباشد ، دیفن هیدرامین برای استفاده در بسیاری از داروهای خواب آور بدون نسخه و سرفه و سرماخوردگی که برای شب به بازار عرضه شده است ، مجدداً مورد استفاده قرار گرفته است .
دیفن هیدرامین کامپاند,آنتی هیستامین,این دارو برای سهولت در علائم آلرژی استفاده می شود . برای تسکین سرفه استفاده می شود . از آن برای رقیق شدن خلط استفاده می شود بنابراین با سرفه می توان از بدن خارج شد . برای کمک به بیماری حرکتی استفاده می شود .
هیدروکسی زین,آنتی هیستامین,هیدروکسی زین یک آنتی هیستامین است که اثرات هیستامین شیمیایی طبیعی در بدن را کاهش می دهد . هیستامین می تواند علائم خارش یا کهیر روی پوست ایجاد کند . از هیدروکسیزین ممکن است برای درمان واکنشهای آلرژیک پوستی مانند کهیر یا درماتیت تماسی استفاده شود . از آنجا که هیدروکسیزین باعث کاهش فعالیت در سیستم عصبی مرکزی نیز می شود ، می تواند به عنوان یک آرام بخش در درمان اضطراب و تنش استفاده شود . همچنین به همراه داروهای دیگری که در حین و بعد از بی حسی عمومی داده می شود ، استفاده می شود . از هیدروکسیزین نیز برای درمان واکنشی آلرژیک پوستی مانند کهیر یا درماتیت تماسی استفاده می شود .
فکسوفنادین,آنتی هیستامین,این دارو برای کاهش علائم آلرژی استفاده می شود . برای درمان کهیر استفاده می شود .
کتوتیفن,آنتی هیستامین,کتوتیفن نوعی از داروهای آسم است که هر روز در صورت مصرف آن و همراه با سایر داروهای ضد آسم ، ممکن است باعث کاهش دفعات ، شدت و مدت علائم آسم یا حملات در کودکان شود . همچنین ممکن است منجر به کاهش نیاز روزانه سایر داروهای ضد آسم شود . کوتوتیفن برای پیشگیری یا درمان حملات حاد آسم مؤثر نیست . کتوتیفن با مهار برخی از مواد در بدن که به عنوان التهاب و علائم آسم شناخته می شود ، کار می کند .
دیفن هیدرامین کامپاند,آنتی هیستامین,دیفن هیدرامین یک آنتی هیستامین گیرنده 1 نسل اول است که به طور گسترده برای درمان آلرژیی فصلی ، نیش حشرات و نیش و بثورات مورد استفاده قرار می گیرد . با این حال ، همچنین دارای خاصیت ضد میکروبی ، ضد درد ، هیپنوتیزم و ضدپارکینسون است . همانطور که گیرندهی هیستامین هم در محیط و هم در سیستم عصبی مرکزی وجود دارد ، نشان داده می شود که دیفن هیدرامین به دلیل آنتاگونیسم رقابتی گیرندهی هیستامین 1 در سیستم عصبی مرکزی باعث آرام بخشی می شود . در حالی که استفاده از آن در آلرژی درمانی ممکن است بعلت تأثیر آرام بخش کننده ، بعضاً مطلوب نباشد ، دیفن هیدرامین برای استفاده در بسیاری از داروهای خواب آور بدون نسخه و سرفه و سرماخوردگی که برای شب به بازار عرضه شده است ، مجدداً مورد استفاده قرار گرفته است .
دیفن هیدرامین کامپاند,آنتی هیستامین,این دارو برای سهولت در علائم آلرژی استفاده می شود . برای تسکین سرفه استفاده می شود . از آن برای رقیق شدن خلط استفاده می شود بنابراین با سرفه می توان از بدن خارج شد . برای کمک به بیماری حرکتی استفاده می شود .
هیدروکسی زین,آنتی هیستامین,هیدروکسی زین یک آنتی هیستامین است که اثرات هیستامین شیمیایی طبیعی در بدن را کاهش می دهد . هیستامین می تواند علائم خارش یا کهیر روی پوست ایجاد کند . از هیدروکسیزین ممکن است برای درمان واکنشهای آلرژیک پوستی مانند کهیر یا درماتیت تماسی استفاده شود . از آنجا که هیدروکسیزین باعث کاهش فعالیت در سیستم عصبی مرکزی نیز می شود ، می تواند به عنوان یک آرام بخش در درمان اضطراب و تنش استفاده شود . همچنین به همراه داروهای دیگری که در حین و بعد از بی حسی عمومی داده می شود ، استفاده می شود . از هیدروکسیزین نیز برای درمان واکنشی آلرژیک پوستی مانند کهیر یا درماتیت تماسی استفاده می شود .
فکسوفنادین,آنتی هیستامین,این دارو برای کاهش علائم آلرژی استفاده می شود . برای درمان کهیر استفاده می شود .
مپیواکایین,بی حسی موضعی,استفاده می شود برای عمل بی حسی موضعی برای کارهای دندان پزشکی با روش نفوذ یا بلاک کردن رشتهی عصبی در بزرگسالان و کودکان
مپیواکایین,بی حسی موضعی,استفاده می شود برای عمل بی حسی موضعی برای کارهای دندان پزشکی با روش نفوذ یا بلاک کردن رشتهی عصبی در بزرگسالان و کودکان
مپیواکایین,بی حسی موضعی,استفاده می شود برای عمل بی حسی موضعی برای کارهای دندان پزشکی با روش نفوذ یا بلاک کردن رشتهی عصبی در بزرگسالان و کودکان
متفورمین,ضد دیابتی,به عنوان مکمل رژیم و ورزش برای بهبود کنترل قند خون در بزرگسالان مبتلا به دیابت نوع 2 معرفی شده است .
سیتاگیلیپتین,کاهنده قند خون,به عنوان مکمل رژیم و ورزش برای بهبود کنترل قند خون در بزرگسالان مبتلا به دیابت نوع 2 نشان داده شده است . محدودیتی استفاده : نباید در بیماران مبتلا به دیابت نوع 1 یا برای درمان کتواسیدوز دیابتی استفاده شود ، زیرا در این تنظیمات مؤثر نخواهد بود . در بیماران با سابقه پانکراس دیابتیوز بررسی نشده است . مشخص نیست که آیا بیمارانی که سابقه پانکراتیت دارند در هنگام استفاده از در معرض خطر ابتلا به پانکراس هستند . گزارشاتی در مورد پیامدهای پانکراتیت حاد ، از جمله پانکراسیت خونریزی کشنده و غیر کشنده یا نکروز کننده گزارش شده است . پس از شروع ، علائم و نشانهی پانکراس باید با دقت مشاهده شود . اگر مشکوک به پانکراتیت باشد ، سریعاً باید دیابت قطع شود و مدیریت مناسب آغاز شود . مشخص نیست که آیا بیمارانی که سابقه پانکراتیت دارند در هنگام استفاده از در معرض خطر ابتلا به پانکراس هستند .
انسولین انسانی 7030,انسولین ترکیبی,7030 یک فرمول انسولین با نسبت ثابت است که برای بهبود کنترل قند خون در بیماران بزرگسال مبتلا به دیابت قندی نشان داده شده است .
اورسودیوکسی کولیک اسید,دستگاه گوارش,اورسودکس در درمان اولیه سیروز صفراوی و در حل کردن سنگ کیسه صفرا به درمان کمک میکند
زولپیدم تارترات,سیستم عصبی,دریمکس برای درمان کوتاه مدت بی خوابی که با مشکل در شروع خواب همراه است ، مورد استفاده قرار می گیرد .
فکسوفنادین,آنتی هیستامین,این دارو برای کاهش علائم آلرژی استفاده می شود . برای درمان کهیر استفاده می شود .
بوپروپیون,سیستم عصبی,اختلال افسردگی اساسی اختلال عاطفی فصلی
بوپروپیون,سیستم عصبی,اختلال افسردگی اساسی اختلال عاطفی فصلی
پروتامین سولفات,ضد انعقاد,تزریق پروتامین سولفات ، در درمان مصرف بیش از حد هپارین استفاده می شود .
